city,month,AQI,PM2.5,PM10,SO2,NO2,CO,O3,O3_8h,quality_level
常州,2013-01,147,112,137,1.829,71,60,55,55,轻度污染
郑州,2013-01,265,219,308,107,71,5.013,0,0,重度污染
常州,2013-02,106,79,93,1.136,46,33,85,85,轻度污染
郑州,2013-02,195,151,216,67,45,3.314,0,0,中度污染
常州,2013-03,106,77,117,1.184,64,52,98,98,轻度污染
郑州,2013-03,119,83,150,51,46,2.432,0,0,轻度污染
常州,2013-04,98,69,111,1.03,54,47,127,127,良
郑州,2013-04,110,78,136,49,45,2.413,0,0,轻度污染
常州,2013-05,87,57,85,1.023,43,31,120,120,良
许昌,2013-05,70,0,89,19,37,0,0,0,良
郑州,2013-05,130,91,133,33,49,2.029,0,0,轻度污染
常州,2013-06,86,57,78,0.883,41,28,113,113,良
许昌,2013-06,86,0,119,16,37,0,0,0,良
郑州,2013-06,142,91,147,30,45,1.827,0,0,轻度污染
常州,2013-07,76,34,61,0.823,32,27,126,126,良
许昌,2013-07,61,0,74,7,30,0,0,0,良
郑州,2013-07,106,73,131,21,36,1.726,0,0,轻度污染
常州,2013-08,80,40,65,0.8,37,31,125,125,良
许昌,2013-08,60,0,71,16,22,0,0,0,良
郑州,2013-08,92,57,106,27,36,1.852,138,138,良
常州,2013-09,65,44,63,0.933,36,27,87,87,良
许昌,2013-09,80,0,107,20,43,0,0,0,良
郑州,2013-09,118,83,130,39,48,2.387,78,78,轻度污染
常州,2013-10,74,53,73,0.871,35,32,81,81,良
许昌,2013-10,112,0,170,49,59,0,0,0,轻度污染
郑州,2013-10,193,150,205,66,56,3.239,103,103,中度污染
常州,2013-11,126,92,138,1.307,48,49,49,49,轻度污染
许昌,2013-11,86,0,112,84,54,0,0,0,良
郑州,2013-11,113,78,142,84,59,2.703,54,54,轻度污染
中山,2013-12,114,86,114,63,42,1.423,66,66,轻度污染
合肥,2013-12,222,180,195,1.867,41,48,36,36,重度污染
常州,2013-12,194,155,201,1.9,64,70,40,40,中度污染
湖州,2013-12,195,157,200,80,1.603,55,38,38,中度污染
芜湖,2013-12,151,116,202,82,1.3,64,49,49,中度污染
许昌,2013-12,171,86,196,101,58,1.323,24,24,中度污染
郑州,2013-12,179,140,206,119,78,3.094,52,52,中度污染
中山,2014-01,95,70,101,54,35,1.277,99,99,良
合肥,2014-01,196,155,164,1.577,32,39,39,39,中度污染
常州,2014-01,144,110,154,1.548,51,48,58,58,轻度污染
湖州,2014-01,152,117,140,67,1.248,36,52,52,中度污染
芜湖,2014-01,165,128,177,48,1.139,44,46,46,中度污染
许昌,2014-01,183,142,173,87,60,2.635,50,50,中度污染
郑州,2014-01,163,121,190,91,65,2.787,33,33,中度污染
中山,2014-02,58,40,55,35,25,1.264,62,62,良
合肥,2014-02,112,85,88,1.018,18,23,41,41,轻度污染
常州,2014-02,93,68,91,1.168,33,31,69,69,良
湖州,2014-02,95,71,73,35,0.954,18,67,67,良
芜湖,2014-02,99,74,92,34,0.957,29,44,44,良
许昌,2014-02,161,123,69,43,43,3.121,56,56,中度污染
郑州,2014-02,146,111,140,52,43,1.996,42,42,轻度污染
中山,2014-03,63,44,65,38,23,1.455,59,59,良
合肥,2014-03,103,78,107,0.932,21,32,50,50,轻度污染
常州,2014-03,99,72,116,1.352,48,44,91,91,良
湖州,2014-03,92,68,98,56,0.935,29,105,105,良
芜湖,2014-03,84,60,110,18,1.152,22,35,35,良
许昌,2014-03,144,106,134,42,64,1.687,92,92,轻度污染
郑州,2014-03,120,88,159,53,55,1.952,67,67,轻度污染
中山,2014-04,62,35,48,31,14,1.29,93,93,良
合肥,2014-04,90,67,82,0.847,15,29,54,54,良
常州,2014-04,87,63,95,0.95,44,35,99,99,良
湖州,2014-04,83,57,79,48,0.863,24,110,110,良
芜湖,2014-04,82,57,107,14,1.007,18,57,57,良
许昌,2014-04,119,84,86,31,57,1.957,104,104,轻度污染
郑州,2014-04,112,79,140,40,56,2.133,72,72,轻度污染
中山,2014-05,35,19,27,18,8,0.9,57,57,优
合肥,2014-05,109,76,148,0.858,18,29,67,67,轻度污染
常州,2014-05,114,75,137,0.987,50,38,147,147,轻度污染
湖州,2014-05,97,66,108,47,0.916,28,130,130,良
芜湖,2014-05,121,87,159,19,1.103,24,57,57,轻度污染
许昌,2014-05,110,72,149,34,54,1.158,133,133,轻度污染
郑州,2014-05,105,72,138,37,46,1.539,78,78,轻度污染
中山,2014-06,54,23,36,15,8,0.763,92,92,良
合肥,2014-06,124,94,127,1.083,20,23,80,80,轻度污染
常州,2014-06,107,67,96,1.023,38,37,150,150,轻度污染
湖州,2014-06,95,52,73,39,0.91,17,147,147,良
芜湖,2014-06,114,86,124,48,1.037,19,72,72,轻度污染
许昌,2014-06,107,58,107,23,51,1.287,145,145,轻度污染
郑州,2014-06,106,78,111,20,38,1.507,105,105,轻度污染
中山,2014-07,54,21,32,16,11,0.765,94,94,良
合肥,2014-07,82,58,97,0.919,11,21,58,58,良
常州,2014-07,93,55,82,0.997,31,25,131,131,良
湖州,2014-07,88,46,67,34,0.932,11,136,136,良
芜湖,2014-07,85,62,88,36,0.823,23,60,60,良
许昌,2014-07,90,30,86,14,37,0.977,144,144,良
郑州,2014-07,90,53,106,16,41,1.106,127,127,良
中山,2014-08,39,14,24,13,13,0.871,73,73,优
合肥,2014-08,75,54,83,0.923,12,17,55,55,良
常州,2014-08,77,48,73,0.884,31,24,105,105,良
湖州,2014-08,66,40,60,35,0.961,12,105,105,良
芜湖,2014-08,66,45,77,16,0.858,21,39,39,良
许昌,2014-08,78,39,100,13,37,1.229,113,113,良
郑州,2014-08,86,58,99,19,40,1.161,86,86,良
中山,2014-09,70,29,43,21,17,1.073,116,116,良
合肥,2014-09,76,54,84,0.877,15,19,46,46,良
常州,2014-09,71,44,73,0.94,30,28,106,106,良
湖州,2014-09,73,39,58,34,0.87,15,121,121,良
芜湖,2014-09,62,42,68,11,1.017,21,34,34,良
许昌,2014-09,78,46,92,15,36,1.443,74,74,良
郑州,2014-09,85,57,98,20,43,1.45,66,66,良
中山,2014-10,87,52,77,33,21,1.323,132,132,良
合肥,2014-10,103,75,130,1.016,17,29,50,50,轻度污染
常州,2014-10,91,60,106,0.968,36,31,118,118,良
湖州,2014-10,88,53,82,51,0.906,17,125,125,良
芜湖,2014-10,73,53,70,17,1.184,31,48,48,良
许昌,2014-10,135,90,171,32,53,1.652,72,72,轻度污染
郑州,2014-10,149,111,171,37,55,1.948,58,58,轻度污染
中山,2014-11,67,47,72,33,23,1.093,58,58,良
合肥,2014-11,126,95,121,1.22,23,29,30,30,轻度污染
常州,2014-11,93,68,101,1.233,41,38,76,76,良
湖州,2014-11,97,72,93,62,1.187,23,66,66,良
芜湖,2014-11,67,49,56,15,1.6,34,38,38,良
许昌,2014-11,146,111,133,45,62,1.717,41,41,轻度污染
郑州,2014-11,171,131,191,50,65,2.17,42,42,中度污染
中山,2014-12,83,61,90,38,22,1.323,50,50,良
合肥,2014-12,94,68,100,1.01,28,33,28,28,良
宣城,2014-12,70,44,90,30,18,1.9,56,56,良
常州,2014-12,103,75,121,1.294,46,48,50,50,轻度污染
湖州,2014-12,104,77,108,70,1.084,38,42,42,轻度污染
芜湖,2014-12,92,68,93,29,1.339,36,26,26,良
许昌,2014-12,124,91,139,65,50,1.347,47,47,轻度污染
郑州,2014-12,141,95,201,75,63,1.903,41,41,轻度污染
中山,2015-01,72,52,80,41,18,1.51,63,63,良
合肥,2015-01,134,102,121,1.194,27,36,34,34,轻度污染
宣城,2015-01,108,79,105,29,33,2.255,68,68,轻度污染
常州,2015-01,143,109,151,1.442,52,41,56,56,轻度污染
湖州,2015-01,132,100,106,66,1.252,27,48,48,轻度污染
芜湖,2015-01,117,88,126,27,1.516,29,48,48,轻度污染
许昌,2015-01,160,123,150,62,71,1.823,43,43,中度污染
郑州,2015-01,203,159,237,77,76,2.123,37,37,重度污染
中山,2015-02,74,54,73,37,13,1.325,61,61,良
合肥,2015-02,111,84,105,1.05,26,25,45,45,轻度污染
宣城,2015-02,78,57,78,29,25,1.461,50,50,良
常州,2015-02,107,79,113,1.136,38,24,76,76,轻度污染
湖州,2015-02,96,70,80,37,1.021,11,75,75,良
芜湖,2015-02,78,57,84,14,1.264,19,45,45,良
许昌,2015-02,132,99,147,41,45,2.029,73,73,轻度污染
郑州,2015-02,174,133,197,58,54,1.707,54,54,中度污染
中山,2015-03,48,32,50,32,12,1.074,43,43,优
合肥,2015-03,88,63,88,0.99,21,24,51,51,良
宣城,2015-03,55,35,59,31,25,1.477,53,53,良
常州,2015-03,93,66,102,1.074,47,34,87,87,良
湖州,2015-03,79,56,64,41,1.006,14,88,88,良
芜湖,2015-03,62,43,63,16,1.165,22,40,40,良
许昌,2015-03,117,79,143,25,44,1.232,78,78,轻度污染
郑州,2015-03,154,108,196,42,60,1.552,69,69,中度污染
中山,2015-04,54,28,44,23,11,0.873,85,85,良
合肥,2015-04,85,58,101,0.91,23,27,62,62,良
宣城,2015-04,64,45,64,32,25,1.27,52,52,良
常州,2015-04,101,61,107,1.137,51,35,134,134,轻度污染
湖州,2015-04,91,54,81,50,1.01,20,134,134,良
芜湖,2015-04,65,46,68,12,1.22,21,32,32,良
许昌,2015-04,103,66,115,23,36,0.733,82,82,轻度污染
郑州,2015-04,131,87,175,31,54,1.407,106,106,轻度污染
中山,2015-05,33,15,24,16,9,0.897,60,60,优
合肥,2015-05,88,62,101,0.968,14,30,71,71,良
宣城,2015-05,95,69,101,37,22,1.145,79,79,良
常州,2015-05,94,46,97,1.058,48,33,126,126,良
湖州,2015-05,94,46,71,36,0.768,17,150,150,良
芜湖,2015-05,82,60,88,24,0.89,40,49,49,良
许昌,2015-05,122,83,123,23,37,0.994,131,131,轻度污染
郑州,2015-05,128,91,153,27,48,1.529,136,136,轻度污染
中山,2015-06,26,10,20,11,9,0.727,51,51,优
合肥,2015-06,69,45,74,0.94,11,29,88,88,良
宣城,2015-06,59,24,60,15,28,0.703,85,85,良
常州,2015-06,70,41,85,1.05,40,23,67,67,良
湖州,2015-06,84,43,71,34,0.787,10,128,128,良
芜湖,2015-06,56,34,64,14,0.89,35,29,29,良
许昌,2015-06,119,75,131,20,36,1.013,147,147,轻度污染
郑州,2015-06,117,76,146,18,45,1.213,153,153,轻度污染
中山,2015-07,49,19,32,18,6,0.852,87,87,优
合肥,2015-07,59,40,61,0.797,9,25,77,77,良
宣城,2015-07,54,24,59,15,27,0.51,83,83,良
常州,2015-07,67,38,69,0.871,36,20,84,84,良
湖州,2015-07,77,35,53,28,0.606,8,124,124,良
芜湖,2015-07,50,32,50,12,0.665,21,29,29,优
许昌,2015-07,97,64,96,14,33,1.074,136,136,良
郑州,2015-07,94,60,126,8,42,1.01,131,131,良
中山,2015-08,61,26,39,22,9,0.958,99,99,良
合肥,2015-08,63,39,74,0.842,9,28,96,96,良
宣城,2015-08,54,26,57,16,26,0.426,94,94,良
常州,2015-08,77,36,71,0.8,34,23,119,119,良
湖州,2015-08,94,38,56,28,0.716,12,148,148,良
芜湖,2015-08,62,38,57,22,0.706,43,63,63,良
许昌,2015-08,82,49,93,19,34,1.132,131,131,良
郑州,2015-08,94,60,112,8,46,1.103,132,132,良
中山,2015-09,68,31,44,22,10,0.923,109,109,良
合肥,2015-09,64,41,73,0.893,10,30,94,94,良
宣城,2015-09,54,25,54,19,31,0.443,99,99,良
常州,2015-09,78,31,68,0.713,33,24,127,127,良
湖州,2015-09,105,37,55,31,0.767,14,163,163,轻度污染
芜湖,2015-09,66,44,67,20,0.68,42,64,64,良
许昌,2015-09,90,59,110,29,43,1.307,110,110,良
郑州,2015-09,101,69,132,16,57,1.317,113,113,轻度污染
中山,2015-10,75,46,64,37,15,0.984,113,113,良
合肥,2015-10,97,70,115,1.174,14,44,85,85,良
宣城,2015-10,80,55,79,20,40,0.416,88,88,良
常州,2015-10,87,50,118,0.997,52,36,117,117,良
湖州,2015-10,89,50,82,40,0.829,21,133,133,良
芜湖,2015-10,101,73,110,25,0.842,54,68,68,轻度污染
许昌,2015-10,105,72,135,41,57,1.419,88,88,轻度污染
郑州,2015-10,109,69,149,35,65,1.271,79,79,轻度污染
中山,2015-11,62,42,59,40,11,1.143,76,76,良
合肥,2015-11,89,65,83,1.247,17,39,46,46,良
宣城,2015-11,76,51,75,18,45,0.923,74,74,良
常州,2015-11,78,53,94,1.207,47,26,57,57,良
湖州,2015-11,68,48,66,42,1.057,21,61,61,良
芜湖,2015-11,91,64,88,23,1.117,53,66,66,良
许昌,2015-11,99,72,107,28,50,1.767,38,38,良
郑州,2015-11,129,97,148,32,63,2.047,32,32,轻度污染
中山,2015-12,60,37,60,41,14,1.468,40,40,良
合肥,2015-12,147,113,145,1.432,19,46,36,36,轻度污染
宣城,2015-12,121,90,127,28,60,0.961,71,71,轻度污染
常州,2015-12,134,100,147,1.381,56,38,46,46,轻度污染
湖州,2015-12,115,86,117,51,1.2,30,53,53,轻度污染
芜湖,2015-12,142,108,151,24,1.3,61,58,58,轻度污染
许昌,2015-12,169,127,214,51,73,2.261,38,38,中度污染
郑州,2015-12,187,142,238,46,75,2.113,35,35,中度污染
中山,2016-01,55,33,53,41,13,1.223,38,38,良
合肥,2016-01,119,88,108,1.168,20,42,48,48,轻度污染
宣城,2016-01,105,71,98,25,56,0.7,88,88,轻度污染
常州,2016-01,112,82,121,1.248,46,35,55,55,轻度污染
湖州,2016-01,101,73,93,46,1.116,23,59,59,轻度污染
芜湖,2016-01,121,90,125,25,1.232,52,66,66,轻度污染
许昌,2016-01,162,121,212,46,70,2.474,38,38,中度污染
郑州,2016-01,187,152,229,48,72,2.31,34,34,中度污染
中山,2016-02,51,28,49,34,10,1.041,54,54,良
合肥,2016-02,108,80,107,1.062,21,37,82,82,轻度污染
宣城,2016-02,79,54,86,19,35,0.593,81,81,良
常州,2016-02,102,74,116,1.186,41,27,79,79,轻度污染
湖州,2016-02,87,62,91,34,0.931,20,100,100,良
芜湖,2016-02,80,54,79,28,1.269,43,87,87,良
许昌,2016-02,118,80,157,39,46,1.824,71,71,轻度污染
郑州,2016-02,119,83,149,48,52,1.676,74,74,轻度污染
中山,2016-03,68,36,57,51,12,1.032,61,61,良
合肥,2016-03,117,87,120,1.1,22,44,98,98,轻度污染
宣城,2016-03,97,71,96,21,49,0.755,69,69,良
常州,2016-03,106,77,130,1.11,56,32,87,87,轻度污染
湖州,2016-03,98,68,101,47,0.952,25,111,111,良
芜湖,2016-03,86,58,85,31,1.435,53,90,90,良
许昌,2016-03,116,76,165,40,55,1.616,109,109,轻度污染
郑州,2016-03,133,81,202,41,67,1.574,99,99,轻度污染
中山,2016-04,49,30,40,25,8,1.097,65,65,优
合肥,2016-04,78,50,91,0.987,15,49,111,111,良
宣城,2016-04,71,46,60,16,38,0.683,85,85,良
常州,2016-04,89,50,103,1.017,47,24,121,121,良
湖州,2016-04,88,48,72,38,0.857,23,135,135,良
芜湖,2016-04,63,41,67,15,1.227,37,71,71,良
许昌,2016-04,103,63,145,30,47,1.71,121,121,轻度污染
郑州,2016-04,111,66,178,32,60,1.41,123,123,轻度污染
中山,2016-05,53,24,35,20,8,0.858,91,91,良
合肥,2016-05,83,48,94,0.845,12,38,121,121,良
宣城,2016-05,65,44,65,17,34,0.632,79,79,良
常州,2016-05,91,45,95,0.968,39,20,128,128,良
湖州,2016-05,92,40,71,36,0.852,18,139,139,良
芜湖,2016-05,80,58,87,18,0.977,40,86,86,良
许昌,2016-05,93,43,103,21,35,1.219,136,136,良
郑州,2016-05,98,44,119,25,44,1.013,149,149,良
中山,2016-06,34,12,23,16,7,0.687,65,65,优
合肥,2016-06,73,42,64,0.877,10,38,114,114,良
宣城,2016-06,61,41,52,19,30,0.63,78,78,良
常州,2016-06,79,38,66,0.85,34,14,123,123,良
湖州,2016-06,87,31,47,27,0.743,12,138,138,良
芜湖,2016-06,64,40,61,19,0.717,36,71,71,良
许昌,2016-06,99,38,76,18,37,1.253,156,156,良
郑州,2016-06,112,44,104,18,46,1.233,173,173,轻度污染
中山,2016-07,52,16,29,19,8,0.748,89,89,良
合肥,2016-07,67,36,63,0.742,11,31,106,106,良
宣城,2016-07,49,32,44,21,27,0.497,80,80,优
常州,2016-07,80,35,60,0.739,30,12,122,122,良
湖州,2016-07,93,31,50,26,0.719,11,147,147,良
芜湖,2016-07,53,31,43,23,0.726,37,65,65,良
许昌,2016-07,66,30,54,11,27,1.077,113,113,良
郑州,2016-07,87,41,73,10,32,1.152,132,132,良
中山,2016-08,80,26,39,26,8,0.897,127,127,良
合肥,2016-08,84,37,76,0.813,12,39,133,133,良
宣城,2016-08,60,28,44,22,25,0.565,104,104,良
常州,2016-08,86,29,54,0.645,29,17,139,139,良
湖州,2016-08,105,24,41,22,0.623,14,163,163,轻度污染
芜湖,2016-08,52,25,39,21,0.745,25,90,90,良
许昌,2016-08,70,38,65,12,29,1.268,117,117,良
郑州,2016-08,81,39,66,12,33,1.213,132,132,良
中山,2016-09,80,29,43,31,12,0.86,122,122,良
合肥,2016-09,84,45,90,0.837,14,51,131,131,良
宣城,2016-09,61,42,55,25,30,0.67,85,85,良
常州,2016-09,82,40,70,0.757,36,18,126,126,良
湖州,2016-09,91,31,46,26,0.617,14,143,143,良
芜湖,2016-09,72,36,58,17,0.83,32,123,123,良
许昌,2016-09,91,54,104,26,52,1.55,134,134,良
郑州,2016-09,108,60,113,25,57,1.39,150,150,轻度污染
中山,2016-10,60,30,44,31,15,0.858,96,96,良
合肥,2016-10,59,34,53,0.842,11,42,54,54,良
宣城,2016-10,61,41,61,19,37,0.752,63,63,良
常州,2016-10,53,30,51,0.755,36,15,66,66,良
湖州,2016-10,55,26,44,34,0.739,11,78,78,良
芜湖,2016-10,70,46,67,15,0.858,42,97,97,良
许昌,2016-10,66,38,63,21,47,1.377,60,60,良
郑州,2016-10,80,46,87,21,57,1.223,63,63,良
中山,2016-11,64,37,54,41,15,0.917,79,79,良
合肥,2016-11,82,55,85,1.12,16,55,55,55,良
宣城,2016-11,84,60,79,24,50,0.847,64,64,良
常州,2016-11,80,56,93,0.983,53,21,57,57,良
湖州,2016-11,76,50,77,49,0.87,18,62,62,良
芜湖,2016-11,98,71,109,21,1.33,59,82,82,良
许昌,2016-11,119,88,136,31,55,1.72,42,42,轻度污染
郑州,2016-11,144,107,173,32,71,1.713,37,37,轻度污染
中山,2016-12,87,57,82,68,19,1.081,93,93,良
合肥,2016-12,118,86,115,1.258,17,74,51,51,轻度污染
宣城,2016-12,109,82,106,22,51,1.029,64,64,轻度污染
常州,2016-12,109,80,117,1.171,57,25,56,56,轻度污染
湖州,2016-12,94,69,98,53,1.019,22,64,64,良
芜湖,2016-12,120,86,116,23,1.435,79,64,64,轻度污染
许昌,2016-12,184,148,187,44,64,1.987,50,50,中度污染
郑州,2016-12,196,161,212,37,74,1.994,41,41,中度污染
中山,2017-01,80,52,66,49,12,1.145,89,89,良
合肥,2017-01,119,87,94,1.287,16,61,60,60,轻度污染
宣城,2017-01,108,81,98,20,34,1.168,48,48,轻度污染
常州,2017-01,90,66,95,1.113,43,19,57,57,良
湖州,2017-01,84,60,72,38,1.065,15,68,68,良
芜湖,2017-01,84,52,91,18,1.474,61,56,56,良
许昌,2017-01,120,91,126,36,56,1.81,37,37,轻度污染
郑州,2017-01,139,108,154,34,66,1.839,29,29,轻度污染
中山,2017-02,69,43,52,40,11,0.861,100,100,良
合肥,2017-02,114,86,91,1.168,17,65,87,87,轻度污染
宣城,2017-02,98,74,92,20,32,1.118,80,80,良
常州,2017-02,99,73,100,1.039,47,19,84,84,良
湖州,2017-02,87,64,75,40,0.954,17,96,96,良
芜湖,2017-02,90,62,96,18,1.136,56,68,68,良
许昌,2017-02,114,85,120,37,52,1.314,61,61,轻度污染
郑州,2017-02,122,92,133,38,60,1.35,59,59,轻度污染
中山,2017-03,66,39,57,48,11,0.932,68,68,良
合肥,2017-03,90,63,84,0.968,14,63,91,91,良
宣城,2017-03,91,68,81,21,37,0.929,84,84,良
常州,2017-03,78,55,94,0.842,49,18,95,95,良
湖州,2017-03,78,52,72,44,0.79,16,108,108,良
芜湖,2017-03,83,54,103,16,0.819,55,81,81,良
许昌,2017-03,86,60,89,36,55,0.89,81,81,良
郑州,2017-03,91,62,106,27,62,0.939,79,79,良
中山,2017-04,69,28,44,32,8,0.847,94,94,良
合肥,2017-04,92,52,89,0.923,12,51,119,119,良
宣城,2017-04,91,56,89,21,34,0.927,122,122,良
常州,2017-04,93,49,92,0.943,46,21,135,135,良
湖州,2017-04,104,47,77,50,0.92,19,153,153,轻度污染
芜湖,2017-04,88,46,111,21,1.107,54,118,118,良
许昌,2017-04,75,43,82,32,45,1.01,119,119,良
郑州,2017-04,70,42,96,26,57,0.993,118,118,良
中山,2017-05,90,31,46,29,10,0.842,138,138,良
合肥,2017-05,109,43,74,0.794,11,48,156,156,轻度污染
宣城,2017-05,90,47,72,19,25,0.761,127,127,良
常州,2017-05,107,43,81,0.861,40,20,157,157,轻度污染
湖州,2017-05,116,37,65,39,0.787,17,175,175,轻度污染
芜湖,2017-05,115,39,85,16,1.065,42,169,169,轻度污染
许昌,2017-05,75,25,65,26,39,1.055,168,168,良
郑州,2017-05,67,25,59,22,46,0.887,175,175,良
中山,2017-06,32,11,21,13,6,0.703,62,62,优
合肥,2017-06,103,43,65,0.777,10,37,160,160,轻度污染
宣城,2017-06,69,38,68,18,22,0.727,111,111,良
常州,2017-06,107,40,60,0.827,36,17,160,160,轻度污染
湖州,2017-06,90,31,47,30,0.833,12,142,142,良
芜湖,2017-06,99,35,60,12,1.06,33,153,153,良
许昌,2017-06,111,39,71,15,37,1.02,183,183,轻度污染
郑州,2017-06,112,43,94,14,47,0.983,188,188,轻度污染
中山,2017-07,53,15,26,23,7,0.726,80,80,良
合肥,2017-07,76,33,58,0.684,9,30,128,128,良
宣城,2017-07,51,22,40,16,22,0.568,90,90,良
常州,2017-07,82,29,48,0.674,31,15,131,131,良
湖州,2017-07,96,25,44,28,0.735,9,152,152,良
芜湖,2017-07,92,30,56,13,0.965,35,140,140,良
许昌,2017-07,76,32,51,6,23,0.861,127,127,良
郑州,2017-07,105,40,82,7,33,0.942,163,163,轻度污染
中山,2017-08,57,17,29,18,7,0.748,97,97,良
合肥,2017-08,63,27,48,0.787,9,33,109,109,良
宣城,2017-08,50,21,37,15,20,0.639,93,93,良
常州,2017-08,77,28,43,0.777,29,15,128,128,良
湖州,2017-08,81,23,38,23,0.826,9,135,135,良
芜湖,2017-08,69,27,47,12,0.994,34,116,116,良
许昌,2017-08,86,36,60,9,25,0.881,139,139,良
郑州,2017-08,99,42,82,8,39,1.068,150,150,良
中山,2017-09,85,26,40,24,10,0.843,133,133,良
合肥,2017-09,67,36,57,1.007,10,44,99,99,良
宣城,2017-09,59,30,50,18,31,0.817,101,101,良
常州,2017-09,75,33,50,0.817,41,15,111,111,良
湖州,2017-09,82,27,44,27,0.923,10,127,127,良
芜湖,2017-09,69,34,56,8,1.053,39,104,104,良
许昌,2017-09,77,43,75,15,38,0.927,118,118,良
郑州,2017-09,83,44,96,16,56,1.06,123,123,良
中山,2017-10,95,34,52,36,13,0.9,147,147,良
合肥,2017-10,70,41,65,0.932,12,51,90,90,良
宣城,2017-10,63,35,65,22,35,0.839,101,101,良
常州,2017-10,61,32,56,0.752,41,15,98,98,良
湖州,2017-10,64,27,49,31,0.9,12,109,109,良
芜湖,2017-10,69,40,67,12,0.987,49,90,90,良
许昌,2017-10,68,44,78,17,46,1.145,70,70,良
郑州,2017-10,75,48,92,16,56,1.158,60,60,良
中山,2017-11,79,46,67,56,12,1.103,86,86,良
合肥,2017-11,100,67,107,1.04,14,73,72,72,良
宣城,2017-11,79,54,98,22,43,0.82,86,86,良
常州,2017-11,84,54,96,1.06,62,19,70,70,良
湖州,2017-11,70,42,77,48,0.947,16,75,75,良
芜湖,2017-11,93,65,97,17,1.117,62,67,67,良
许昌,2017-11,76,52,87,30,59,1.273,67,67,良
郑州,2017-11,77,51,101,22,65,1.02,57,57,良
中山,2017-12,87,59,81,65,16,1.045,60,60,良
合肥,2017-12,131,94,120,1.294,14,68,32,32,轻度污染
宣城,2017-12,104,75,124,21,51,1.042,40,40,轻度污染
常州,2017-12,114,84,124,1.39,72,22,54,54,轻度污染
湖州,2017-12,104,71,107,60,1.284,23,30,30,轻度污染
芜湖,2017-12,132,98,112,19,1.161,68,25,25,轻度污染
许昌,2017-12,108,77,126,27,56,1.516,59,59,轻度污染
郑州,2017-12,121,87,127,24,64,1.31,48,48,轻度污染
中山,2018-01,75,48,62,55,11,0.913,62,62,良
合肥,2018-01,119,88,85,1.081,9,49,55,55,轻度污染
宣城,2018-01,108,79,92,17,50,0.935,61,61,轻度污染
常州,2018-01,115,86,109,1.294,55,17,52,52,轻度污染
湖州,2018-01,94,68,87,44,1.035,15,48,48,良
芜湖,2018-01,141,107,100,14,1.039,51,53,53,轻度污染
许昌,2018-01,153,118,152,20,44,1.439,53,53,中度污染
郑州,2018-01,145,110,138,21,54,1.3,48,48,轻度污染
中山,2018-02,58,40,50,34,9,0.643,70,70,良
合肥,2018-02,88,63,87,0.839,8,40,67,67,良
宣城,2018-02,77,55,64,14,35,0.829,71,71,良
常州,2018-02,91,66,94,1.043,43,14,73,73,良
湖州,2018-02,78,54,75,31,0.854,12,73,73,良
芜湖,2018-02,101,73,88,14,0.807,45,69,69,轻度污染
许昌,2018-02,110,81,113,15,34,1.15,78,78,轻度污染
郑州,2018-02,107,76,110,20,40,1.054,77,77,轻度污染
中山,2018-03,53,27,42,31,9,0.616,89,89,良
合肥,2018-03,66,45,65,0.745,6,41,88,88,良
宣城,2018-03,64,44,61,11,34,0.729,84,84,良
常州,2018-03,85,60,85,0.977,55,15,91,91,良
湖州,2018-03,65,41,66,42,0.968,14,86,86,良
芜湖,2018-03,75,52,72,11,0.832,45,93,93,良
许昌,2018-03,92,64,93,13,33,1.087,101,101,良
郑州,2018-03,102,74,103,15,45,1,98,98,轻度污染
中山,2018-04,51,27,49,26,9,0.663,78,78,良
合肥,2018-04,82,44,98,0.747,8,41,117,117,良
宣城,2018-04,67,41,75,10,28,0.637,103,103,良
常州,2018-04,81,49,82,0.863,54,17,133,133,良
湖州,2018-04,85,40,86,43,0.987,16,123,123,良
芜湖,2018-04,67,35,67,12,0.847,43,125,125,良
许昌,2018-04,54,26,63,12,32,1.04,107,107,良
郑州,2018-04,46,23,53,14,43,0.803,110,110,优
中山,2018-05,51,16,26,13,7,0.571,93,93,良
合肥,2018-05,60,30,50,0.703,5,33,111,111,良
宣城,2018-05,57,35,58,8,25,0.658,87,87,良
常州,2018-05,80,44,69,0.897,44,14,126,126,良
湖州,2018-05,81,33,59,32,0.887,10,126,126,良
芜湖,2018-05,66,30,53,8,0.935,38,111,111,良
许昌,2018-05,62,29,62,12,31,0.945,131,131,良
郑州,2018-05,83,38,87,12,38,0.813,143,143,良
中山,2018-06,61,15,25,16,6,0.607,101,101,良
合肥,2018-06,91,37,59,0.683,6,31,146,146,良
宣城,2018-06,58,30,48,9,26,0.507,103,103,良
常州,2018-06,106,40,58,0.77,36,14,160,160,轻度污染
湖州,2018-06,86,24,40,25,0.703,10,140,140,良
芜湖,2018-06,97,30,52,9,0.76,27,153,153,良
许昌,2018-06,111,31,71,9,27,0.79,171,171,轻度污染
郑州,2018-06,120,33,76,9,36,0.783,181,181,轻度污染
中山,2018-07,38,12,21,12,6,0.506,67,67,优
合肥,2018-07,63,25,45,0.6,5,25,111,111,良
宣城,2018-07,45,19,36,9,16,0.445,84,84,优
常州,2018-07,79,26,39,0.623,29,10,129,129,良
湖州,2018-07,71,20,34,22,0.61,9,121,121,良
芜湖,2018-07,70,22,37,7,0.652,20,120,120,良
许昌,2018-07,69,26,51,7,21,0.726,119,119,良
郑州,2018-07,79,28,58,5,31,0.771,129,129,良
中山,2018-08,69,20,29,18,7,0.719,112,112,良
合肥,2018-08,65,22,42,0.665,5,23,114,114,良
宣城,2018-08,49,21,37,9,16,0.5,90,90,优
常州,2018-08,76,22,35,0.526,25,11,127,127,良
湖州,2018-08,75,17,29,17,0.613,9,125,125,良
芜湖,2018-08,70,23,38,7,0.835,21,120,120,良
许昌,2018-08,83,33,64,8,24,1.11,136,136,良
郑州,2018-08,92,32,65,7,34,0.913,147,147,良
中山,2018-09,68,23,36,19,6,0.693,115,115,良
合肥,2018-09,66,28,56,0.697,6,35,113,113,良
宣城,2018-09,60,30,54,9,24,0.7,106,106,良
常州,2018-09,78,33,53,0.647,39,13,129,129,良
湖州,2018-09,81,23,42,32,0.777,12,131,131,良
芜湖,2018-09,72,29,52,9,0.93,32,123,123,良
许昌,2018-09,72,30,72,11,35,1.137,115,115,良
郑州,2018-09,74,28,69,13,46,0.923,110,110,良
中山,2018-10,81,35,53,36,10,0.687,124,124,良
合肥,2018-10,79,40,75,0.71,8,52,109,109,良
宣城,2018-10,69,38,64,10,34,0.581,115,115,良
常州,2018-10,76,43,68,0.652,48,14,116,116,良
湖州,2018-10,71,25,51,41,0.781,14,115,115,良
芜湖,2018-10,77,39,66,13,0.79,45,116,116,良
许昌,2018-10,84,51,103,19,50,0.968,114,114,良
郑州,2018-10,91,54,109,17,65,0.916,97,97,良
中山,2018-11,67,38,56,47,10,0.787,84,84,良
合肥,2018-11,79,55,66,0.953,7,54,67,67,良
宣城,2018-11,74,50,58,8,39,0.73,83,83,良
常州,2018-11,93,66,89,0.91,60,12,74,74,良
湖州,2018-11,58,34,54,45,0.75,12,66,66,良
芜湖,2018-11,83,58,63,9,1.02,48,68,68,良
许昌,2018-11,83,62,77,15,46,1.2,67,67,良
郑州,2018-11,96,71,87,16,61,1.17,51,51,良
中山,2018-12,54,31,46,41,8,0.916,46,46,良
合肥,2018-12,91,65,73,0.877,7,47,40,40,良
宣城,2018-12,80,58,61,10,43,0.794,67,67,良
常州,2018-12,82,56,81,0.861,51,11,45,45,良
湖州,2018-12,67,40,63,45,0.923,12,40,40,良
芜湖,2018-12,86,61,68,11,1.152,49,38,38,良
许昌,2018-12,146,114,141,21,52,1.397,38,38,轻度污染
郑州,2018-12,122,90,135,19,61,1.252,33,33,轻度污染
中山,2019-01,82,56,74,59,9,1.177,65,65,良
合肥,2019-01,117,87,98,1.081,8,53,44,44,轻度污染
宣城,2019-01,103,74,74,9,50,0.971,62,62,轻度污染
常州,2019-01,99,72,98,0.932,58,12,51,51,良
湖州,2019-01,83,57,74,50,1.077,11,52,52,良
芜湖,2019-01,117,87,82,12,1.19,54,45,45,轻度污染
许昌,2019-01,175,134,147,20,51,1.526,53,53,中度污染
郑州,2019-01,163,122,165,18,68,1.384,38,38,中度污染
中山,2019-02,42,23,36,23,5,0.804,56,56,优
合肥,2019-02,89,65,71,0.889,4,34,63,63,良
宣城,2019-02,83,60,55,8,32,0.811,71,71,良
常州,2019-02,84,61,77,0.918,38,9,73,73,良
湖州,2019-02,64,42,53,26,0.939,7,74,74,良
芜湖,2019-02,91,67,65,8,0.964,36,60,60,良
许昌,2019-02,158,122,131,11,30,1.279,80,80,中度污染
郑州,2019-02,158,121,151,12,44,1.129,76,76,中度污染
中山,2019-03,50,25,39,34,6,0.745,60,60,优
合肥,2019-03,84,55,88,0.739,7,49,95,95,良
宣城,2019-03,77,53,69,8,35,0.719,94,94,良
常州,2019-03,91,65,100,0.81,47,12,97,97,良
湖州,2019-03,67,37,64,43,0.713,12,100,100,良
芜湖,2019-03,84,56,79,10,0.871,52,92,92,良
许昌,2019-03,87,55,93,13,32,0.884,103,103,良
郑州,2019-03,92,54,113,11,49,0.694,101,101,良
中山,2019-04,43,19,32,20,6,0.633,74,74,优
合肥,2019-04,71,42,73,0.75,6,41,104,104,良
宣城,2019-04,65,41,61,9,31,0.693,99,99,良
常州,2019-04,79,52,80,0.74,41,12,111,111,良
湖州,2019-04,73,32,59,39,0.68,10,110,110,良
芜湖,2019-04,73,42,65,9,0.967,43,108,108,良
许昌,2019-04,80,46,86,13,29,0.997,118,118,良
郑州,2019-04,93,54,114,9,41,0.82,116,116,良
中山,2019-05,46,18,30,21,4,0.629,78,78,优
合肥,2019-05,85,30,69,0.645,5,39,138,138,良
宣城,2019-05,66,33,59,8,27,0.545,114,114,良
常州,2019-05,94,40,69,0.674,39,11,143,143,良
湖州,2019-05,96,29,63,34,0.632,9,149,149,良
芜湖,2019-05,88,34,64,9,0.79,44,140,140,良
许昌,2019-05,94,34,91,11,28,0.848,141,141,良
郑州,2019-05,104,40,116,9,38,0.639,149,149,轻度污染
中山,2019-06,42,11,19,14,3,0.59,77,77,优
合肥,2019-06,96,28,50,0.7,4,29,153,153,良
宣城,2019-06,62,29,42,6,19,0.553,111,111,良
常州,2019-06,101,33,49,0.79,29,9,156,156,轻度污染
湖州,2019-06,94,25,44,25,0.653,7,147,147,良
芜湖,2019-06,95,28,47,7,0.82,29,149,149,良
许昌,2019-06,112,29,64,8,25,0.867,172,172,轻度污染
郑州,2019-06,118,30,79,6,34,0.643,179,179,轻度污染
中山,2019-07,43,13,26,13,4,0.606,78,78,优
合肥,2019-07,78,26,51,0.619,4,26,131,131,良
宣城,2019-07,49,21,38,6,17,0.565,94,94,优
常州,2019-07,91,29,44,0.742,31,8,146,146,良
湖州,2019-07,80,21,40,23,0.584,5,134,134,良
芜湖,2019-07,81,24,43,7,0.829,25,135,135,良
许昌,2019-07,96,28,55,7,24,0.794,154,154,良
郑州,2019-07,114,30,69,4,36,0.732,174,174,轻度污染
中山,2019-08,72,18,30,20,5,0.574,117,117,良
合肥,2019-08,85,21,48,0.648,5,27,138,138,良
宣城,2019-08,63,23,42,7,15,0.69,112,112,良
常州,2019-08,84,25,39,0.677,27,8,135,135,良
湖州,2019-08,82,19,37,21,0.623,5,133,133,良
芜湖,2019-08,84,23,41,7,0.865,21,136,136,良
许昌,2019-08,85,28,50,9,22,0.832,139,139,良
郑州,2019-08,91,25,55,5,31,0.777,145,145,良
中山,2019-09,123,28,46,28,6,0.66,182,182,轻度污染
合肥,2019-09,85,30,66,0.73,6,39,137,137,良
宣城,2019-09,70,29,52,7,21,0.867,120,120,良
常州,2019-09,77,28,47,0.62,34,9,126,126,良
湖州,2019-09,95,22,43,29,0.763,6,150,150,良
芜湖,2019-09,86,29,52,8,0.843,34,138,138,良
许昌,2019-09,93,37,72,13,33,0.91,141,141,良
郑州,2019-09,102,32,69,8,39,0.877,153,153,轻度污染
中山,2019-10,108,34,57,33,7,0.726,163,163,轻度污染
合肥,2019-10,77,43,88,0.742,8,50,92,92,良
宣城,2019-10,65,39,71,9,27,0.903,90,90,良
常州,2019-10,77,46,85,0.642,42,11,109,109,良
湖州,2019-10,77,31,70,44,0.894,8,110,110,良
芜湖,2019-10,76,40,79,11,0.874,47,96,96,良
许昌,2019-10,73,41,82,12,40,0.929,88,88,良
郑州,2019-10,80,36,88,8,48,0.874,90,90,良
中山,2019-11,108,42,73,49,9,0.697,165,165,轻度污染
合肥,2019-11,77,41,84,0.68,8,54,72,72,良
宣城,2019-11,64,42,69,8,34,0.737,81,81,良
常州,2019-11,77,49,97,0.66,50,12,84,84,良
湖州,2019-11,73,33,80,52,0.8,8,80,80,良
芜湖,2019-11,72,42,78,11,0.817,50,80,80,良
许昌,2019-11,110,77,113,14,46,0.993,68,68,轻度污染
郑州,2019-11,106,71,120,11,56,0.987,63,63,轻度污染
中山,2019-12,79,43,67,64,9,0.835,88,88,良
合肥,2019-12,86,59,73,0.874,8,57,41,41,良
宣城,2019-12,76,55,60,7,39,0.916,58,58,良
常州,2019-12,91,67,94,0.919,55,12,58,58,良
湖州,2019-12,76,42,77,58,0.958,7,50,50,良
芜湖,2019-12,86,61,67,10,0.981,58,46,46,良
许昌,2019-12,127,95,104,11,45,1.242,40,40,轻度污染
郑州,2019-12,121,89,109,11,52,1.2,45,45,轻度污染
中山,2020-01,53,27,40,32,5,0.823,86,86,良
合肥,2020-01,90,65,59,0.868,6,42,45,45,良
宣城,2020-01,83,60,51,7,32,0.848,67,67,良
常州,2020-01,98,72,90,0.971,41,9,58,58,良
湖州,2020-01,63,41,62,34,0.952,5,58,58,良
芜湖,2020-01,93,68,59,7,0.939,42,48,48,良
许昌,2020-01,155,119,117,11,36,1.506,62,62,中度污染
郑州,2020-01,157,120,129,11,50,1.3,59,59,中度污染
中山,2020-02,47,21,28,18,4,0.572,83,83,优
合肥,2020-02,55,36,44,0.593,6,23,75,75,良
宣城,2020-02,58,35,37,6,18,0.641,95,95,良
常州,2020-02,59,39,55,0.666,24,9,86,86,良
湖州,2020-02,47,25,42,18,0.648,5,84,84,优
芜湖,2020-02,56,39,43,7,0.728,24,75,75,良
许昌,2020-02,83,58,69,8,16,0.983,78,78,良
郑州,2020-02,88,60,74,8,21,0.817,89,89,良
中山,2020-03,44,18,31,22,4,0.623,70,70,优
合肥,2020-03,62,35,60,0.606,7,37,84,84,良
宣城,2020-03,61,34,45,7,27,0.626,101,101,良
常州,2020-03,64,39,64,0.655,38,9,96,96,良
湖州,2020-03,53,23,51,35,0.61,6,86,86,良
芜湖,2020-03,60,36,52,8,0.765,39,83,83,良
许昌,2020-03,75,47,80,11,30,0.884,95,95,良
郑州,2020-03,83,48,97,10,37,0.684,103,103,良
中山,2020-04,71,25,44,32,5,0.657,94,94,良
合肥,2020-04,71,32,71,0.587,9,47,111,111,良
宣城,2020-04,76,34,53,8,31,0.687,128,128,良
常州,2020-04,82,42,75,0.667,44,11,131,131,良
湖州,2020-04,81,27,67,41,0.67,7,133,133,良
芜湖,2020-04,69,34,59,10,0.697,45,116,116,良
许昌,2020-04,79,43,81,14,33,0.827,120,120,良
郑州,2020-04,87,43,96,11,41,0.61,127,127,良
中山,2020-05,50,14,29,16,4,0.6,91,91,良
合肥,2020-05,84,31,64,0.558,6,34,137,137,良
宣城,2020-05,69,27,44,7,24,0.61,121,121,良
常州,2020-05,94,42,72,0.713,34,9,146,146,良
湖州,2020-05,88,28,61,35,0.668,5,140,140,良
芜湖,2020-05,77,29,51,10,0.868,34,126,126,良
许昌,2020-05,91,31,82,11,26,0.781,142,142,良
郑州,2020-05,105,29,89,9,33,0.623,159,159,轻度污染
中山,2020-06,30,6,17,8,4,0.527,59,59,优
合肥,2020-06,58,19,38,0.54,5,26,100,100,良
宣城,2020-06,48,14,24,7,21,0.423,92,92,优
常州,2020-06,79,26,42,0.73,30,7,128,128,良
湖州,2020-06,63,17,38,25,0.587,3,106,106,良
芜湖,2020-06,53,16,29,6,0.747,25,97,97,良
许昌,2020-06,90,32,66,7,20,0.83,143,143,良
郑州,2020-06,108,30,76,6,30,0.667,165,165,轻度污染
中山,2020-07,34,7,18,9,4,0.503,66,66,优
合肥,2020-07,53,24,36,0.658,4,25,93,93,良
宣城,2020-07,41,15,23,7,23,0.497,76,76,优
常州,2020-07,68,26,39,0.781,30,7,111,111,良
湖州,2020-07,62,17,38,24,0.6,3,108,108,良
芜湖,2020-07,51,16,30,6,0.745,25,89,89,良
许昌,2020-07,72,27,43,6,18,0.797,125,125,良
郑州,2020-07,96,29,59,4,28,0.706,153,153,良
中山,2020-08,49,13,25,15,3,0.513,82,82,优
合肥,2020-08,60,18,44,0.552,5,22,109,109,良
宣城,2020-08,53,19,33,7,22,0.481,98,98,良
常州,2020-08,82,23,39,0.635,25,8,134,134,良
湖州,2020-08,81,19,47,25,0.516,4,135,135,良
芜湖,2020-08,67,20,40,8,0.726,26,116,116,良
许昌,2020-08,59,25,45,7,19,0.813,104,104,良
郑州,2020-08,73,23,50,4,27,0.752,122,122,良
中山,2020-09,61,16,32,23,4,0.687,99,99,良
合肥,2020-09,79,28,62,0.66,6,41,131,131,良
宣城,2020-09,69,25,40,8,28,0.54,121,121,良
常州,2020-09,88,31,52,0.75,36,9,140,140,良
湖州,2020-09,91,23,52,39,0.683,6,141,141,良
芜湖,2020-09,71,26,47,9,0.747,37,121,121,良
许昌,2020-09,82,33,67,13,29,0.83,135,135,良
郑州,2020-09,91,29,70,8,39,0.717,145,145,良
中山,2020-10,78,26,50,30,7,0.652,127,127,良
合肥,2020-10,71,34,66,0.684,8,50,89,89,良
宣城,2020-10,56,28,47,7,33,0.571,98,98,良
常州,2020-10,70,34,59,0.674,43,9,105,105,良
湖州,2020-10,67,20,51,41,0.594,6,110,110,良
芜湖,2020-10,61,29,54,11,0.839,40,95,95,良
许昌,2020-10,79,53,92,15,46,0.935,76,76,良
郑州,2020-10,83,48,104,10,56,0.826,72,72,良
中山,2020-11,78,30,58,40,8,0.69,122,122,良
合肥,2020-11,72,38,69,0.753,9,53,59,59,良
宣城,2020-11,59,35,51,8,41,0.647,75,75,良
常州,2020-11,70,42,72,0.707,49,9,77,77,良
湖州,2020-11,60,25,57,46,0.68,8,74,74,良
芜湖,2020-11,60,33,55,11,0.79,45,63,63,良
许昌,2020-11,100,71,91,14,41,1.037,66,66,轻度污染
郑州,2020-11,101,70,105,10,48,0.917,56,56,轻度污染
中山,2020-12,68,38,64,51,7,0.79,71,71,良
合肥,2020-12,102,73,85,0.945,10,62,41,41,轻度污染
宣城,2020-12,96,70,65,10,50,0.861,70,70,良
常州,2020-12,98,67,99,0.913,62,12,50,50,良
湖州,2020-12,79,48,80,60,0.923,10,49,49,良
芜湖,2020-12,103,75,82,14,0.903,57,41,41,轻度污染
许昌,2020-12,135,101,110,16,45,1.255,50,50,轻度污染
郑州,2020-12,115,83,115,12,52,1.042,45,45,轻度污染
中山,2021-01,77,42,72,53,6,0.713,93,93,良
合肥,2021-01,94,49,71,0.816,8,51,44,44,良
宣城,2021-01,81,51,67,9,43,0.771,71,71,良
常州,2021-01,85,54,87,0.952,51,11,57,57,良
湖州,2021-01,74,41,86,51,0.748,10,56,56,良
芜湖,2021-01,93,56,90,11,0.894,47,51,51,良
许昌,2021-01,143,90,105,16,44,1.239,60,60,轻度污染
郑州,2021-01,135,71,99,12,49,1.048,56,56,轻度污染
中山,2021-02,65,22,35,19,4,0.611,110,110,良
合肥,2021-02,59,39,56,0.671,6,28,72,72,良
宣城,2021-02,55,35,42,5,21,0.593,81,81,良
常州,2021-02,62,40,62,0.764,29,8,84,84,良
湖州,2021-02,51,26,49,26,0.629,4,84,84,良
芜湖,2021-02,63,42,59,7,0.768,25,73,73,良
许昌,2021-02,92,63,80,9,22,0.879,84,84,良
郑州,2021-02,96,61,88,10,31,0.8,84,84,良
中山,2021-03,54,22,47,28,4,0.674,81,81,良
合肥,2021-03,70,30,50,0.684,7,38,73,73,良
宣城,2021-03,55,28,38,6,26,0.581,82,82,良
常州,2021-03,80,44,73,0.861,45,9,89,89,良
湖州,2021-03,66,24,57,42,0.694,4,87,87,良
芜湖,2021-03,66,34,54,7,0.787,35,79,79,良
许昌,2021-03,106,41,48,10,26,0.823,82,82,轻度污染
郑州,2021-03,124,42,56,9,36,0.732,83,83,轻度污染
中山,2021-04,62,19,42,22,4,0.633,99,99,良
合肥,2021-04,67,28,63,0.627,7,39,91,91,良
宣城,2021-04,63,28,47,7,24,0.62,105,105,良
常州,2021-04,76,38,67,0.793,40,9,109,109,良
湖州,2021-04,70,21,52,38,0.603,5,107,107,良
芜湖,2021-04,64,28,52,8,0.707,35,97,97,良
许昌,2021-04,80,34,55,9,23,0.727,106,106,良
郑州,2021-04,92,36,50,9,31,0.637,113,113,良
中山,2021-05,42,11,23,10,4,0.539,78,78,优
合肥,2021-05,72,23,50,0.59,6,29,118,118,良
宣城,2021-05,65,23,43,6,18,0.574,114,114,良
常州,2021-05,92,27,49,0.755,33,9,141,141,良
湖州,2021-05,80,22,54,32,0.642,5,130,130,良
芜湖,2021-05,67,25,48,7,0.81,29,113,113,良
许昌,2021-05,77,28,47,9,20,0.723,121,121,良
郑州,2021-05,98,28,36,9,26,0.613,144,144,良
中山,2021-06,45,11,24,11,3,0.537,82,82,优
合肥,2021-06,85,25,52,0.627,6,27,137,137,良
宣城,2021-06,73,22,38,7,17,0.483,125,125,良
常州,2021-06,103,26,43,0.643,30,9,159,159,轻度污染
湖州,2021-06,84,19,41,27,0.53,5,136,136,良
芜湖,2021-06,86,22,38,7,0.693,19,139,139,良
许昌,2021-06,101,27,65,8,19,0.743,158,158,轻度污染
郑州,2021-06,121,27,68,7,24,0.707,179,179,轻度污染
中山,2021-07,55,11,24,12,4,0.558,95,95,良
合肥,2021-07,48,14,31,0.494,6,19,89,89,优
宣城,2021-07,43,13,24,6,15,0.419,85,85,优
常州,2021-07,67,17,31,0.587,22,8,116,116,良
湖州,2021-07,61,14,34,21,0.516,4,106,106,良
芜湖,2021-07,52,15,29,7,0.639,16,97,97,良
许昌,2021-07,65,17,31,4,12,0.639,115,115,良
郑州,2021-07,81,18,39,3,16,0.561,134,134,良
中山,2021-08,40,10,22,14,4,0.519,77,77,优
合肥,2021-08,56,20,42,0.642,6,24,102,102,良
宣城,2021-08,56,19,33,6,18,0.584,105,105,良
常州,2021-08,86,23,39,0.742,29,8,140,140,良
湖州,2021-08,85,18,38,23,0.542,5,139,139,良
芜湖,2021-08,69,21,37,8,0.742,21,119,119,良
许昌,2021-08,70,22,37,5,14,0.774,121,121,良
郑州,2021-08,84,23,47,4,18,0.658,138,138,良
中山,2021-09,73,15,30,16,4,0.543,119,119,良
合肥,2021-09,70,22,51,0.637,6,26,120,120,良
宣城,2021-09,73,25,43,8,22,0.603,126,126,良
常州,2021-09,90,24,42,0.653,29,9,146,146,良
湖州,2021-09,86,21,45,30,0.63,7,139,139,良
芜湖,2021-09,79,25,47,9,0.717,26,130,130,良
许昌,2021-09,67,22,43,9,19,0.83,116,116,良
郑州,2021-09,76,22,49,6,24,0.753,126,126,良
中山,2021-10,62,19,36,25,5,0.623,101,101,良
合肥,2021-10,62,30,63,0.639,7,40,82,82,良
宣城,2021-10,59,27,45,8,28,0.59,100,100,良
常州,2021-10,68,28,51,0.668,41,9,105,105,良
湖州,2021-10,64,19,44,37,0.606,7,103,103,良
芜湖,2021-10,63,31,56,9,0.716,38,93,93,良
许昌,2021-10,74,47,71,12,35,0.958,88,88,良
郑州,2021-10,71,42,75,9,43,0.81,84,84,良
中山,2021-11,65,27,55,42,7,0.587,105,105,良
合肥,2021-11,74,38,88,0.68,7,52,74,74,良
宣城,2021-11,56,32,53,9,34,0.53,90,90,良
常州,2021-11,70,40,76,0.717,52,11,81,81,良
湖州,2021-11,66,25,60,48,0.607,8,71,71,良
芜湖,2021-11,61,34,67,11,0.713,42,79,79,良
许昌,2021-11,88,58,93,13,34,0.833,76,76,良
郑州,2021-11,90,57,104,11,40,0.707,71,71,良
中山,2021-12,73,35,63,51,7,0.687,90,90,良
合肥,2021-12,87,55,105,0.8,9,58,56,56,良
宣城,2021-12,72,50,55,10,39,0.723,88,88,良
常州,2021-12,85,58,93,0.826,58,11,63,63,良
湖州,2021-12,72,41,74,56,0.703,10,62,62,良
芜湖,2021-12,87,61,86,12,0.848,53,62,62,良
许昌,2021-12,91,65,85,10,39,0.813,57,57,良
郑州,2021-12,81,53,83,11,43,0.797,52,52,良
中山,2022-01,59,32,51,42,5,0.826,71,71,良
合肥,2022-01,94,68,105,0.913,7,44,58,58,良
宣城,2022-01,96,71,64,7,36,0.774,82,82,良
常州,2022-01,89,65,90,0.771,42,7,67,67,良
湖州,2022-01,79,55,73,41,0.726,6,64,64,良
芜湖,2022-01,99,73,87,8,0.858,43,59,59,良
许昌,2022-01,159,122,120,8,33,1.126,55,55,中度污染
郑州,2022-01,145,110,117,8,38,1.239,52,52,轻度污染
中山,2022-02,42,18,27,23,5,0.636,66,66,优
合肥,2022-02,63,42,70,0.671,7,32,74,74,良
宣城,2022-02,67,47,61,7,25,0.607,89,89,良
常州,2022-02,63,43,64,0.621,30,7,85,85,良
湖州,2022-02,60,39,55,29,0.543,6,85,85,良
芜湖,2022-02,68,48,69,8,0.689,33,80,80,良
许昌,2022-02,84,60,92,7,23,0.679,89,89,良
郑州,2022-02,83,58,91,8,29,0.704,86,86,良
中山,2022-03,56,20,37,24,5,0.568,93,93,良
合肥,2022-03,71,20,51,0.606,8,33,96,96,良
宣城,2022-03,65,34,57,6,25,0.606,103,103,良
常州,2022-03,76,27,47,0.645,30,8,116,116,良
湖州,2022-03,67,33,64,35,0.597,7,108,108,良
芜湖,2022-03,72,32,60,9,0.732,31,108,108,良
许昌,2022-03,99,24,37,7,24,0.681,87,87,良
郑州,2022-03,106,26,30,8,32,0.723,92,92,轻度污染
中山,2022-04,68,18,36,21,4,0.48,105,105,良
合肥,2022-04,73,25,61,0.557,8,31,125,125,良
宣城,2022-04,67,29,50,7,20,0.53,117,117,良
常州,2022-04,87,33,62,0.567,25,7,140,140,良
湖州,2022-04,82,32,64,31,0.553,7,132,132,良
芜湖,2022-04,79,26,54,10,0.657,28,131,131,良
许昌,2022-04,80,34,66,9,17,0.557,124,124,良
郑州,2022-04,86,35,64,9,26,0.633,129,129,良
中山,2022-05,54,14,27,17,4,0.542,94,94,良
合肥,2022-05,82,28,60,0.535,8,31,136,136,良
宣城,2022-05,67,26,42,6,19,0.503,116,116,良
常州,2022-05,97,31,54,0.652,25,8,152,152,良
湖州,2022-05,85,24,44,26,0.448,6,136,136,良
芜湖,2022-05,90,30,51,10,0.713,29,145,145,良
许昌,2022-05,88,28,64,9,14,0.519,141,141,良
郑州,2022-05,93,26,68,9,19,0.574,147,147,良
中山,2022-06,31,8,18,8,4,0.537,61,61,优
合肥,2022-06,79,17,39,0.497,8,16,132,132,良
宣城,2022-06,53,16,28,6,13,0.41,96,96,良
常州,2022-06,95,21,38,0.67,16,6,151,151,良
湖州,2022-06,80,19,38,20,0.5,5,133,133,良
芜湖,2022-06,74,18,32,8,0.623,18,125,125,良
许昌,2022-06,115,24,62,6,14,0.557,176,176,轻度污染
郑州,2022-06,130,24,66,7,19,0.6,192,192,轻度污染
中山,2022-07,51,12,23,9,4,0.535,90,90,良
合肥,2022-07,66,17,36,0.545,7,18,117,117,良
宣城,2022-07,50,16,26,6,13,0.4,94,94,优
常州,2022-07,84,19,32,0.658,15,6,139,139,良
湖州,2022-07,80,17,33,20,0.516,5,135,135,良
芜湖,2022-07,75,18,32,9,0.59,19,129,129,良
许昌,2022-07,80,21,45,5,12,0.661,132,132,良
郑州,2022-07,81,20,41,4,16,0.652,136,136,良
中山,2022-08,53,10,20,14,4,0.545,92,92,良
合肥,2022-08,69,18,41,0.594,7,18,119,119,良
宣城,2022-08,58,18,31,6,14,0.384,106,106,良
常州,2022-08,85,22,39,0.635,17,7,139,139,良
湖州,2022-08,98,20,40,21,0.542,5,154,154,良
芜湖,2022-08,78,21,37,8,0.655,21,131,131,良
许昌,2022-08,68,19,40,6,13,0.623,118,118,良
郑州,2022-08,79,21,46,4,16,0.639,132,132,良
中山,2022-09,124,27,49,21,6,0.597,183,183,轻度污染
合肥,2022-09,76,23,56,0.617,9,27,128,128,良
宣城,2022-09,68,22,40,6,20,0.443,118,118,良
常州,2022-09,74,22,43,0.6,22,7,122,122,良
湖州,2022-09,83,19,41,24,0.5,6,135,135,良
芜湖,2022-09,78,24,45,9,0.623,25,131,131,良
许昌,2022-09,94,33,76,11,28,0.637,148,148,良
郑州,2022-09,98,30,74,9,31,0.65,153,153,良
中山,2022-10,100,22,44,23,7,0.484,156,156,轻度污染
合肥,2022-10,60,24,54,0.535,9,31,100,100,良
宣城,2022-10,55,24,43,7,26,0.452,98,98,良
常州,2022-10,59,22,43,0.548,30,7,104,104,良
湖州,2022-10,64,20,41,30,0.458,6,109,109,良
芜湖,2022-10,57,25,47,8,0.6,32,98,98,良
许昌,2022-10,67,40,72,8,30,0.59,109,109,良
郑州,2022-10,66,41,66,8,29,0.713,101,101,良
中山,2022-11,53,18,32,30,5,0.59,73,73,良
合肥,2022-11,61,38,69,0.707,8,37,69,69,良
宣城,2022-11,48,29,44,7,30,0.603,72,72,优
常州,2022-11,58,34,59,0.677,39,7,77,77,良
湖州,2022-11,52,27,48,35,0.59,6,75,75,良
芜湖,2022-11,55,32,49,8,0.717,37,70,70,良
许昌,2022-11,69,45,84,11,29,0.743,67,67,良
郑州,2022-11,78,53,81,9,32,0.953,65,65,良
中山,2022-12,53,26,44,38,7,0.597,69,69,良
合肥,2022-12,91,58,107,0.713,9,48,48,48,良
宣城,2022-12,78,52,80,7,36,0.665,58,58,良
常州,2022-12,75,49,82,0.694,46,9,56,56,良
湖州,2022-12,75,47,75,45,0.661,9,51,51,良
芜湖,2022-12,88,59,94,10,0.784,48,51,51,良
许昌,2022-12,128,91,133,8,39,0.806,55,55,轻度污染
郑州,2022-12,116,78,122,11,42,0.926,51,51,轻度污染
中山,2023-01,48,28,41,25,5,0.561,71,71,优
合肥,2023-01,81,56,97,0.742,7,38,70,70,良
宣城,2023-01,68,46,72,7,23,0.613,80,80,良
常州,2023-01,74,50,82,0.684,33,8,78,78,良
湖州,2023-01,68,46,69,32,0.606,6,74,74,良
芜湖,2023-01,82,58,91,8,0.748,38,72,72,良
许昌,2023-01,149,109,161,7,32,0.861,77,77,轻度污染
郑州,2023-01,137,98,152,12,38,0.977,66,66,轻度污染
中山,2023-02,65,25,43,26,6,0.525,105,105,良
合肥,2023-02,65,44,70,0.696,7,36,65,65,良
宣城,2023-02,65,45,58,7,28,0.621,68,68,良
常州,2023-02,61,41,65,0.636,36,7,73,73,良
湖州,2023-02,58,38,54,35,0.557,6,71,71,良
芜湖,2023-02,69,48,69,7,0.689,38,67,67,良
许昌,2023-02,111,81,100,5,30,0.682,80,80,轻度污染
郑州,2023-02,112,81,93,8,33,0.779,77,77,轻度污染
中山,2023-03,70,25,46,24,6,0.548,102,102,良
合肥,2023-03,79,40,106,0.684,7,39,97,97,良
宣城,2023-03,67,35,73,8,27,0.527,95,95,良
常州,2023-03,76,43,91,0.619,36,9,108,108,良
湖州,2023-03,72,41,80,40,0.552,7,97,97,良
芜湖,2023-03,77,41,86,9,0.713,41,104,104,良
许昌,2023-03,110,54,155,6,26,0.539,105,105,轻度污染
郑州,2023-03,115,54,160,7,32,0.581,104,104,轻度污染
中山,2023-04,57,19,36,20,5,0.513,98,98,良
合肥,2023-04,89,35,105,0.563,6,27,112,112,良
宣城,2023-04,76,32,83,6,21,0.5,100,100,良
常州,2023-04,88,38,93,0.577,28,8,125,125,良
湖州,2023-04,82,36,86,32,0.507,7,116,116,良
芜湖,2023-04,84,34,90,9,0.673,31,113,113,良
许昌,2023-04,117,47,150,7,19,0.567,115,115,轻度污染
郑州,2023-04,126,50,163,7,24,0.59,120,120,轻度污染
中山,2023-05,59,19,34,16,4,0.474,103,103,良
合肥,2023-05,69,31,61,0.558,6,24,113,113,良
宣城,2023-05,60,26,48,6,18,0.513,102,102,良
常州,2023-05,89,30,61,0.571,24,7,139,139,良
湖州,2023-05,83,30,51,28,0.548,6,135,135,良
芜湖,2023-05,79,29,56,9,0.687,27,124,124,良
许昌,2023-05,77,25,59,5,15,0.6,128,128,良
郑州,2023-05,83,28,63,6,21,0.59,136,136,良
中山,2023-06,50,10,19,9,5,0.387,89,89,良
合肥,2023-06,81,24,47,0.563,7,22,134,134,良
宣城,2023-06,59,21,35,6,16,0.513,105,105,良
常州,2023-06,96,24,42,0.683,21,8,152,152,良
湖州,2023-06,92,27,38,25,0.607,5,145,145,良
芜湖,2023-06,89,22,39,7,0.697,26,143,143,良
许昌,2023-06,105,22,52,5,17,0.513,162,162,轻度污染
郑州,2023-06,117,23,54,6,23,0.55,175,175,轻度污染
中山,2023-07,48,9,18,8,6,0.394,86,86,优
合肥,2023-07,51,16,30,0.429,6,15,96,96,良
宣城,2023-07,36,12,23,6,14,0.429,72,72,优
常州,2023-07,59,15,26,0.594,15,6,106,106,良
湖州,2023-07,57,17,27,20,0.529,3,102,102,良
芜湖,2023-07,53,15,27,6,0.619,19,98,98,良
许昌,2023-07,77,16,36,3,13,0.445,129,129,良
郑州,2023-07,95,18,44,4,16,0.532,151,151,良
中山,2023-08,41,10,20,11,4,0.403,79,79,优
合肥,2023-08,77,23,41,0.565,6,20,131,131,良
宣城,2023-08,60,19,32,6,14,0.513,109,109,良
常州,2023-08,87,19,35,0.629,18,7,141,141,良
湖州,2023-08,86,22,33,18,0.584,4,140,140,良
芜湖,2023-08,84,22,37,6,0.703,22,138,138,良
许昌,2023-08,89,24,42,4,15,0.587,146,146,良
郑州,2023-08,94,21,43,3,16,0.623,151,151,良
中山,2023-09,52,11,20,15,5,0.403,92,92,良
合肥,2023-09,61,24,42,0.593,6,21,105,105,良
宣城,2023-09,55,22,34,6,18,0.643,100,100,良
常州,2023-09,75,22,39,0.747,23,8,126,126,良
湖州,2023-09,82,25,35,23,0.61,3,134,134,良
芜湖,2023-09,63,21,37,7,0.703,23,110,110,良
许昌,2023-09,77,27,46,6,21,0.613,130,130,良
郑州,2023-09,83,26,51,5,24,0.673,134,134,良
中山,2023-10,74,22,36,24,4,0.561,119,119,良
合肥,2023-10,72,37,71,0.671,7,44,113,113,良
宣城,2023-10,62,29,48,6,24,0.603,110,110,良
常州,2023-10,83,35,65,0.735,39,10,136,136,良
湖州,2023-10,77,31,49,40,0.6,6,130,130,良
芜湖,2023-10,73,34,61,9,0.739,41,121,121,良
许昌,2023-10,82,57,88,10,36,0.632,110,110,良
郑州,2023-10,68,36,77,9,42,0.752,106,106,良
中山,2023-11,73,28,52,34,5,0.51,118,118,良
合肥,2023-11,69,37,80,0.6,7,41,71,71,良
宣城,2023-11,60,36,64,6,30,0.637,77,77,良
常州,2023-11,72,42,77,0.747,44,10,86,86,良
湖州,2023-11,71,42,75,48,0.577,7,80,80,良
芜湖,2023-11,69,41,81,11,0.767,44,73,73,良
许昌,2023-11,79,49,86,8,35,0.55,68,68,良
郑州,2023-11,77,46,87,8,39,0.733,65,65,良
中山,2023-12,60,33,54,45,6,0.635,54,54,良
合肥,2023-12,87,58,92,0.8,7,46,31,31,良
宣城,2023-12,80,55,79,7,39,0.765,38,38,良
常州,2023-12,88,62,94,0.919,53,10,33,33,良
湖州,2023-12,86,57,89,58,0.726,7,29,29,良
芜湖,2023-12,89,62,96,10,0.913,51,31,31,良
许昌,2023-12,93,65,92,6,32,0.674,36,36,良
郑州,2023-12,90,62,84,9,39,0.877,31,31,良
中山,2024-01,64,33,51,39,5,0.603,91,91,良
合肥,2024-01,90,64,95,0.861,6,47,55,55,良
宣城,2024-01,88,64,85,5,35,0.755,63,63,良
常州,2024-01,93,67,94,0.945,49,9,61,61,良
湖州,2024-01,93,67,93,51,0.784,7,63,63,良
芜湖,2024-01,97,70,100,9,0.881,48,56,56,良
许昌,2024-01,120,90,116,8,37,0.8,63,63,轻度污染
郑州,2024-01,111,84,104,9,43,0.965,56,56,轻度污染
中山,2024-02,41,21,31,19,5,0.517,58,58,优
合肥,2024-02,68,47,62,0.676,5,20,79,79,良
宣城,2024-02,59,40,51,3,15,0.61,74,74,良
常州,2024-02,67,45,60,0.755,19,7,85,85,良
湖州,2024-02,64,44,55,21,0.641,6,79,79,良
芜湖,2024-02,71,50,65,7,0.7,27,74,74,良
许昌,2024-02,101,72,96,7,20,0.69,95,95,轻度污染
郑州,2024-02,105,75,104,9,22,0.783,89,89,轻度污染
中山,2024-03,53,24,41,25,6,0.542,82,82,良
合肥,2024-03,75,45,89,0.658,6,35,99,99,良
宣城,2024-03,69,41,68,4,26,0.645,101,101,良
常州,2024-03,76,46,84,0.81,40,9,102,102,良
湖州,2024-03,72,44,73,41,0.719,7,103,103,良
芜湖,2024-03,72,44,80,8,0.706,41,100,100,良
许昌,2024-03,87,54,102,8,25,0.574,105,105,良
郑州,2024-03,86,53,103,8,27,0.671,108,108,良
中山,2024-04,40,17,29,16,5,0.443,69,69,优
合肥,2024-04,73,36,70,0.643,7,28,119,119,良
宣城,2024-04,67,26,45,4,17,0.593,116,116,良
常州,2024-04,72,30,63,0.71,31,9,118,118,良
湖州,2024-04,69,30,47,29,0.62,5,116,116,良
芜湖,2024-04,74,26,49,7,0.643,28,124,124,良
许昌,2024-04,76,41,79,8,21,0.547,122,122,良
郑州,2024-04,83,37,87,7,22,0.65,133,133,良
中山,2024-05,64,15,28,21,5,0.442,105,105,良
合肥,2024-05,89,29,60,0.535,7,25,143,143,良
宣城,2024-05,82,24,44,5,13,0.49,137,137,良
常州,2024-05,95,26,52,0.594,22,9,151,151,良
湖州,2024-05,92,25,43,25,0.574,6,147,147,良
芜湖,2024-05,89,27,51,9,0.616,27,144,144,良
许昌,2024-05,110,41,93,8,20,0.49,165,165,轻度污染
郑州,2024-05,115,36,91,7,20,0.568,171,171,轻度污染
中山,2024-06,32,9,18,11,6,0.36,62,62,优
合肥,2024-06,87,20,36,0.51,7,18,141,141,良
宣城,2024-06,70,16,28,5,8,0.523,117,117,良
常州,2024-06,94,20,35,0.653,16,8,146,146,良
湖州,2024-06,78,19,28,19,0.57,5,126,126,良
芜湖,2024-06,83,18,31,7,0.603,19,134,134,良
许昌,2024-06,118,29,72,6,18,0.43,179,179,轻度污染
郑州,2024-06,128,28,72,6,20,0.56,190,190,轻度污染
中山,2024-07,31,7,15,9,6,0.361,59,59,优
合肥,2024-07,50,13,25,0.452,7,12,95,95,良
宣城,2024-07,38,11,21,5,8,0.423,75,75,优
常州,2024-07,59,14,26,0.529,13,7,107,107,良
湖州,2024-07,58,15,26,17,0.497,5,104,104,良
芜湖,2024-07,50,12,24,8,0.558,16,93,93,优
许昌,2024-07,64,16,30,3,9,0.558,113,113,良
郑州,2024-07,69,18,37,3,13,0.568,121,121,良
中山,2024-08,48,14,25,13,4,0.471,88,88,优
合肥,2024-08,76,20,36,0.526,7,15,130,130,良
宣城,2024-08,64,17,29,6,9,0.558,114,114,良
常州,2024-08,96,22,36,0.642,17,8,154,154,良
湖州,2024-08,91,22,32,18,0.561,6,147,147,良
芜湖,2024-08,81,20,36,8,0.648,18,137,137,良
许昌,2024-08,76,18,43,4,12,0.539,128,128,良
郑州,2024-08,85,19,44,3,15,0.558,139,139,良
中山,2024-09,73,15,27,17,4,0.467,121,121,良
合肥,2024-09,62,20,35,0.6,6,17,109,109,良
宣城,2024-09,60,19,32,6,11,0.523,107,107,良
常州,2024-09,72,17,33,0.593,17,8,122,122,良
湖州,2024-09,60,19,29,15,0.483,6,107,107,良
芜湖,2024-09,64,20,35,8,0.663,19,114,114,良
许昌,2024-09,83,27,54,6,16,0.567,136,136,良
郑州,2024-09,83,25,52,5,18,0.617,137,137,良
中山,2024-10,85,21,37,21,6,0.503,141,141,良
合肥,2024-10,60,29,50,0.603,6,27,101,101,良
宣城,2024-10,51,22,35,5,18,0.577,95,95,良
常州,2024-10,59,25,45,0.552,24,8,103,103,良
湖州,2024-10,55,22,34,26,0.577,5,98,98,良
芜湖,2024-10,55,24,41,9,0.687,30,98,98,良
许昌,2024-10,111,78,105,7,32,0.655,125,125,轻度污染
郑州,2024-10,95,64,95,5,33,0.661,120,120,良
中山,2024-11,60,22,39,32,6,0.51,92,92,良
合肥,2024-11,56,30,60,0.613,6,36,78,78,良
宣城,2024-11,51,25,45,5,26,0.57,80,80,良
常州,2024-11,56,29,56,0.593,32,8,85,85,良
湖州,2024-11,55,26,46,33,0.53,6,84,84,良
芜湖,2024-11,55,25,53,9,0.607,37,79,79,良
许昌,2024-11,90,61,85,6,28,0.65,76,76,良
郑州,2024-11,78,51,74,4,30,0.617,66,66,良
中山,2024-12,70,40,63,44,6,0.606,105,105,良
合肥,2024-12,78,54,88,0.7,7,48,64,64,良
宣城,2024-12,76,55,77,7,36,0.752,71,71,良
常州,2024-12,76,54,81,0.735,47,10,64,64,良
湖州,2024-12,76,51,77,46,0.681,8,66,66,良
芜湖,2024-12,84,60,97,11,0.835,51,61,61,良
许昌,2024-12,90,63,101,8,38,0.69,62,62,良
郑州,2024-12,78,53,83,7,38,0.642,55,55,良
中山,2025-01,68,36,58,39,5,0.526,115,115,良
合肥,2025-01,91,63,99,0.729,8,45,75,75,良
宣城,2025-01,78,55,81,7,29,0.671,90,90,良
常州,2025-01,79,56,87,0.732,44,11,82,82,良
湖州,2025-01,77,53,81,44,0.6,9,84,84,良
芜湖,2025-01,95,66,105,11,0.771,46,76,76,良
许昌,2025-01,116,83,124,9,33,0.777,72,72,轻度污染
郑州,2025-01,97,66,102,8,33,0.694,69,69,良
中山,2025-02,51,25,38,25,4,0.482,88,88,良
合肥,2025-02,70,47,73,0.632,6,28,80,80,良
宣城,2025-02,70,49,65,6,21,0.629,80,80,良
常州,2025-02,72,50,73,0.646,31,8,83,83,良
湖州,2025-02,71,50,67,27,0.586,7,83,83,良
芜湖,2025-02,75,53,77,7,0.693,27,75,75,良
许昌,2025-02,89,60,98,7,23,0.564,79,79,良
郑州,2025-02,82,55,84,7,26,0.675,79,79,良
中山,2025-03,58,19,33,25,5,0.503,89,89,良
合肥,2025-03,75,41,78,0.519,5,29,104,104,良
宣城,2025-03,64,32,51,6,18,0.561,106,106,良
常州,2025-03,68,35,65,0.684,32,9,110,110,良
湖州,2025-03,64,33,60,34,0.461,6,103,103,良
芜湖,2025-03,66,35,67,7,0.652,31,99,99,良
许昌,2025-03,82,47,98,4,22,0.455,100,100,良
郑州,2025-03,86,48,104,7,25,0.635,101,101,良
中山,2025-04,67,24,61,19,5,0.433,102,102,良
合肥,2025-04,89,34,82,0.513,6,25,139,139,良
宣城,2025-04,91,34,72,7,16,0.61,140,140,良
常州,2025-04,100,37,88,0.7,30,12,153,153,轻度污染
湖州,2025-04,100,38,81,31,0.55,6,151,151,良
芜湖,2025-04,95,36,89,8,0.617,30,142,142,良
许昌,2025-04,96,43,117,6,19,0.463,130,130,良
郑州,2025-04,105,47,128,8,22,0.61,135,135,轻度污染
中山,2025-05,50,14,25,14,5,0.458,91,91,良
合肥,2025-05,88,32,63,0.51,6,19,143,143,良
宣城,2025-05,79,27,50,6,12,0.548,130,130,良
常州,2025-05,95,27,59,0.632,23,10,150,150,良
湖州,2025-05,92,30,53,25,0.548,6,147,147,良
芜湖,2025-05,90,31,60,8,0.6,21,145,145,良
许昌,2025-05,107,47,113,5,17,0.465,151,151,轻度污染
郑州,2025-05,114,45,110,6,19,0.59,161,161,轻度污染
中山,2025-06,34,7,16,10,5,0.41,65,65,优
合肥,2025-06,60,17,28,0.577,6,15,108,108,良
宣城,2025-06,48,13,22,7,8,0.473,90,90,优
常州,2025-06,71,17,35,0.587,20,8,121,121,良
湖州,2025-06,71,19,30,21,0.527,5,120,120,良
芜湖,2025-06,61,16,27,7,0.53,15,109,109,良
许昌,2025-06,97,22,49,5,16,0.443,153,153,良
郑州,2025-06,111,22,56,5,18,0.583,170,170,轻度污染
中山,2025-07,57,12,23,13,5,0.465,101,101,良
合肥,2025-07,56,15,25,0.49,6,12,102,102,良
宣城,2025-07,49,13,22,7,7,0.413,92,92,优
常州,2025-07,64,14,28,0.516,12,8,109,109,良
湖州,2025-07,58,14,25,11,0.455,6,101,101,良
芜湖,2025-07,63,16,27,7,0.429,12,111,111,良
许昌,2025-07,76,18,34,2,10,0.377,129,129,良
郑州,2025-07,88,18,37,4,13,0.558,144,144,良
中山,2025-08,40,10,21,14,5,0.41,75,75,优
合肥,2025-08,57,12,23,0.542,7,14,105,105,良
宣城,2025-08,52,12,21,7,8,0.448,98,98,良
常州,2025-08,77,15,28,0.697,15,8,132,132,良
湖州,2025-08,77,18,30,15,0.519,6,130,130,良
芜湖,2025-08,68,16,26,7,0.555,16,119,119,良
许昌,2025-08,68,15,29,3,10,0.452,121,121,良
郑州,2025-08,80,16,34,5,13,0.584,136,136,良
中山,2025-09,45,9,18,14,6,0.403,84,84,优
合肥,2025-09,49,17,28,0.673,6,17,91,91,优
宣城,2025-09,55,17,28,6,11,0.473,99,99,良
常州,2025-09,72,19,35,0.753,20,8,123,123,良
湖州,2025-09,75,23,32,19,0.587,7,127,127,良
芜湖,2025-09,57,19,30,6,0.69,18,102,102,良
许昌,2025-09,51,16,29,3,16,0.573,92,92,良
郑州,2025-09,58,17,34,6,22,0.627,104,104,良
中山,2025-10,60,18,29,19,7,0.461,103,103,良
合肥,2025-10,49,27,43,0.668,6,22,76,76,优
宣城,2025-10,51,25,38,6,15,0.555,89,89,良
常州,2025-10,61,21,41,0.797,22,9,104,104,良
湖州,2025-10,66,25,38,21,0.555,7,109,109,良
芜湖,2025-10,52,25,40,7,0.755,22,86,86,良
许昌,2025-10,63,41,54,5,22,0.548,71,71,良
郑州,2025-10,57,35,51,7,28,0.732,69,69,良
中山,2025-11,67,25,45,32,7,0.5,113,113,良
合肥,2025-11,77,44,94,0.683,7,41,82,82,良
宣城,2025-11,62,34,66,6,25,0.473,91,91,良
常州,2025-11,79,47,97,0.697,40,10,87,87,良
湖州,2025-11,70,38,79,40,0.597,9,88,88,良
芜湖,2025-11,72,43,84,9,0.71,38,84,84,良
许昌,2025-11,95,59,121,7,33,0.54,79,79,良
郑州,2025-11,82,48,106,8,37,0.573,76,76,良
中山,2025-12,75,43,62,42,6,0.655,120,120,良
合肥,2025-12,83,56,92,0.819,7,41,66,66,良
宣城,2025-12,75,52,78,6,32,0.577,75,75,良
常州,2025-12,72,47,81,0.71,41,9,67,67,良
湖州,2025-12,69,44,74,42,0.671,8,72,72,良
芜湖,2025-12,82,56,88,9,0.79,41,62,62,良
许昌,2025-12,124,89,137,7,38,0.765,64,64,轻度污染
郑州,2025-12,108,76,115,6,40,0.7,58,58,轻度污染
中山,2026-01,75,37,55,41,4,0.271,114,114,良
合肥,2026-01,73,48,76,0.755,6,41,64,64,良
宣城,2026-01,71,49,71,6,29,0.542,78,78,良
常州,2026-01,74,51,79,0.719,40,8,72,72,良
湖州,2026-01,73,50,75,42,0.606,8,73,73,良
芜湖,2026-01,75,53,76,9,0.771,37,66,66,良
许昌,2026-01,113,82,111,6,30,0.8,62,62,轻度污染
郑州,2026-01,108,76,101,4,32,0.723,61,61,轻度污染
中山,2026-02,53,23,34,19,3,0.254,96,96,良
合肥,2026-02,63,38,72,0.721,6,25,80,80,良
宣城,2026-02,60,37,63,5,17,0.443,81,81,良
常州,2026-02,68,43,72,0.707,23,7,87,87,良
湖州,2026-02,62,40,62,24,0.589,6,87,87,良
芜湖,2026-02,67,45,72,7,0.75,27,75,75,良
许昌,2026-02,94,62,116,6,20,0.689,80,80,良
郑州,2026-02,86,54,104,5,22,0.589,85,85,良
中山,2026-03,54,18,29,16,5,0.406,95,95,良
合肥,2026-03,76,46,70,0.777,6,29,104,104,良
宣城,2026-03,70,43,56,5,24,0.481,100,100,良
常州,2026-03,69,40,64,0.603,30,8,96,96,良
湖州,2026-03,64,35,52,23,0.571,6,105,105,良
芜湖,2026-03,71,42,56,7,0.684,28,98,98,良
许昌,2026-03,106,70,94,6,23,0.616,97,97,轻度污染
郑州,2026-03,104,69,86,4,25,0.674,103,103,轻度污染
中山,2026-04,49,17,27,12,4,0.393,85,85,优
合肥,2026-04,63,22,52,0.62,7,22,107,107,良
宣城,2026-04,64,25,40,6,17,0.36,110,110,良
常州,2026-04,73,27,59,0.637,25,7,119,119,良
湖州,2026-04,75,28,45,22,0.587,6,127,127,良
芜湖,2026-04,64,25,43,7,0.56,24,110,110,良
许昌,2026-04,72,33,65,6,18,0.457,113,113,良
郑州,2026-04,83,35,74,5,17,0.47,129,129,良
中山,2026-05,49,16,24,15,4,0.469,93,93,优
合肥,2026-05,73,20,39,0.531,8,18,127,127,良
宣城,2026-05,71,19,32,7,14,0.292,125,125,良
常州,2026-05,94,21,46,0.608,20,9,152,152,良
湖州,2026-05,92,25,40,21,0.462,7,149,149,良
芜湖,2026-05,75,24,40,8,0.536,24,129,129,良
许昌,2026-05,73,27,54,7,13,0.385,125,125,良
郑州,2026-05,87,30,64,5,14,0.485,143,143,良
