city,date,AQI,PM2.5,PM10,SO2,NO2,CO,O3,O3_8h,quality_level
常州,2025-01-01,98,73,124,12,64,1,86,86,良
许昌,2025-01-01,163,124,176,11,50,1.1,91,91,中度污染
常州,2025-01-02,75,52,90,11,60,0.9,75,75,良
许昌,2025-01-02,115,87,167,11,44,1.2,49,49,轻度污染
常州,2025-01-03,74,54,89,9,45,0.7,86,86,良
许昌,2025-01-03,139,106,151,10,51,1.2,63,63,轻度污染
常州,2025-01-04,69,50,80,1,49,0.7,85,85,良
许昌,2025-01-04,207,157,211,11,54,1.3,41,41,重度污染
常州,2025-01-05,108,81,116,9,40,0.8,98,98,轻度污染
许昌,2025-01-05,104,78,133,8,33,0.8,83,83,轻度污染
常州,2025-01-06,74,53,97,10,39,0.7,76,76,良
许昌,2025-01-06,63,30,75,7,28,0.5,73,73,良
常州,2025-01-07,64,44,74,11,51,0.6,58,58,良
许昌,2025-01-07,67,48,84,8,40,0.6,64,64,良
常州,2025-01-08,72,52,83,14,48,0.7,65,65,良
许昌,2025-01-08,57,24,64,7,24,0.5,61,61,良
常州,2025-01-09,33,15,33,8,22,0.4,65,65,优
许昌,2025-01-09,55,34,60,6,34,0.5,64,64,良
常州,2025-01-10,50,27,50,10,40,0.5,60,60,优
许昌,2025-01-10,92,68,105,8,47,0.8,58,58,良
常州,2025-01-11,75,54,79,13,60,0.7,49,49,良
许昌,2025-01-11,67,38,83,8,25,0.6,80,80,良
常州,2025-01-12,65,47,78,12,47,0.6,76,76,良
许昌,2025-01-12,64,28,77,6,22,0.5,79,79,良
常州,2025-01-13,88,65,112,13,60,0.8,92,92,良
许昌,2025-01-13,89,66,120,9,40,0.8,83,83,良
常州,2025-01-14,118,89,139,15,71,1.1,87,87,轻度污染
许昌,2025-01-14,116,72,181,10,42,0.9,62,62,轻度污染
常州,2025-01-15,47,18,47,9,27,0.4,63,63,优
许昌,2025-01-15,65,30,80,9,31,0.5,69,69,良
常州,2025-01-16,68,41,77,12,54,0.7,59,59,良
许昌,2025-01-16,56,29,61,8,27,0.5,76,76,良
常州,2025-01-17,84,62,97,13,64,0.9,80,80,良
许昌,2025-01-17,87,64,98,8,46,0.8,83,83,良
常州,2025-01-18,95,70,106,13,76,0.9,88,88,良
许昌,2025-01-18,108,81,116,10,42,0.8,93,93,轻度污染
常州,2025-01-19,118,89,125,14,67,0.9,104,104,轻度污染
许昌,2025-01-19,84,62,94,12,33,0.7,86,86,良
常州,2025-01-20,160,122,163,15,80,1.1,86,86,中度污染
许昌,2025-01-20,176,133,168,12,63,1,106,106,中度污染
常州,2025-01-21,170,129,174,13,81,1.2,129,129,中度污染
许昌,2025-01-21,240,190,228,12,59,1.2,98,98,重度污染
常州,2025-01-22,102,76,101,10,53,0.8,126,126,轻度污染
许昌,2025-01-22,169,128,187,14,38,1.1,76,76,中度污染
常州,2025-01-23,60,43,69,9,44,0.8,62,62,良
许昌,2025-01-23,74,54,78,7,27,0.6,42,42,良
常州,2025-01-24,51,32,51,9,26,0.8,69,69,良
许昌,2025-01-24,144,110,113,6,23,0.9,33,33,轻度污染
常州,2025-01-25,41,18,36,7,16,0.5,82,82,优
许昌,2025-01-25,130,99,102,5,19,0.9,47,47,轻度污染
常州,2025-01-26,58,41,55,6,15,0.7,79,79,良
许昌,2025-01-26,63,24,76,6,8,0.4,80,80,良
常州,2025-01-27,42,20,42,7,11,0.5,79,79,优
许昌,2025-01-27,42,12,36,7,8,0.4,83,83,优
常州,2025-01-28,51,34,51,9,13,0.5,90,90,良
许昌,2025-01-28,114,86,120,15,16,0.4,88,88,轻度污染
常州,2025-01-29,103,77,104,12,14,0.6,104,104,轻度污染
许昌,2025-01-29,342,292,315,26,21,0.9,95,95,严重污染
许昌,2025-01-30,204,154,189,10,14,1,78,78,重度污染
许昌,2025-01-31,103,77,94,6,10,0.7,63,63,轻度污染
常州,2025-02-01,38,17,25,6,8,0.4,76,76,优
许昌,2025-02-01,97,72,89,6,12,0.8,58,58,良
常州,2025-02-02,75,55,74,6,13,0.6,86,86,良
许昌,2025-02-02,160,122,135,7,18,1,34,34,中度污染
常州,2025-02-03,83,61,81,7,14,0.6,90,90,良
许昌,2025-02-03,115,87,110,8,14,0.8,84,84,轻度污染
常州,2025-02-04,69,50,67,7,18,0.6,93,93,良
许昌,2025-02-04,50,25,50,8,16,0.4,91,91,优
常州,2025-02-05,49,32,49,9,20,0.6,91,91,优
许昌,2025-02-05,51,21,51,8,12,0.5,70,70,良
常州,2025-02-06,44,25,44,8,22,0.6,87,87,优
许昌,2025-02-06,58,25,66,7,16,0.5,73,73,良
常州,2025-02-07,51,18,51,7,13,0.4,72,72,良
许昌,2025-02-07,104,21,158,5,10,0.3,66,66,轻度污染
常州,2025-02-08,36,15,34,8,16,0.4,72,72,优
许昌,2025-02-08,64,31,77,6,22,0.4,70,70,良
常州,2025-02-09,46,32,45,8,31,0.5,82,82,优
许昌,2025-02-09,59,37,68,6,21,0.5,88,88,良
常州,2025-02-10,69,50,70,9,47,0.8,90,90,良
许昌,2025-02-10,74,54,83,6,26,0.5,89,89,良
常州,2025-02-11,52,34,54,8,33,0.6,66,66,良
许昌,2025-02-11,124,94,132,7,47,0.8,36,36,轻度污染
常州,2025-02-12,113,85,105,7,29,0.8,64,64,轻度污染
许昌,2025-02-12,107,80,145,10,31,0.6,79,79,轻度污染
常州,2025-02-13,67,48,68,8,34,0.7,86,86,良
许昌,2025-02-13,72,43,94,7,20,0.4,86,86,良
常州,2025-02-14,59,42,68,,46,0.7,70,70,良
许昌,2025-02-14,78,57,104,7,23,0.5,92,92,良
常州,2025-02-15,109,82,110,9,43,0.9,70,70,轻度污染
许昌,2025-02-15,69,44,87,7,22,0.5,99,99,良
常州,2025-02-16,107,80,109,10,30,,99,99,轻度污染
许昌,2025-02-16,75,32,100,8,19,0.3,90,90,良
常州,2025-02-17,67,47,83,,30,0.7,70,70,良
许昌,2025-02-17,81,49,112,7,28,0.4,78,78,良
常州,2025-02-18,55,29,53,10,44,0.6,85,85,良
许昌,2025-02-18,92,68,120,7,30,0.5,93,93,良
常州,2025-02-19,59,38,68,,32,0.5,101,101,良
许昌,2025-02-19,88,65,110,10,27,0.6,76,76,良
常州,2025-02-20,44,24,44,,23,0.5,81,81,优
许昌,2025-02-20,84,62,86,6,26,0.6,44,44,良
常州,2025-02-21,42,25,42,,26,0.5,77,77,优
许昌,2025-02-21,102,76,83,3,22,0.6,47,47,轻度污染
常州,2025-02-22,68,49,72,,31,0.5,90,90,良
许昌,2025-02-22,109,82,101,7,24,0.6,66,66,轻度污染
常州,2025-02-23,75,55,73,,24,0.5,79,79,良
许昌,2025-02-23,102,76,106,6,29,0.6,90,90,轻度污染
常州,2025-02-24,82,60,79,,39,0.6,96,96,良
许昌,2025-02-24,72,52,83,6,27,0.5,98,98,良
常州,2025-02-25,119,90,122,10,43,0.7,75,75,轻度污染
许昌,2025-02-25,67,48,72,7,20,0.5,103,103,良
常州,2025-02-26,104,78,106,10,39,0.8,120,120,轻度污染
许昌,2025-02-26,93,69,94,6,26,0.6,111,111,良
常州,2025-02-27,133,101,128,11,44,0.9,76,76,轻度污染
许昌,2025-02-27,124,94,104,5,27,0.7,103,103,轻度污染
常州,2025-02-28,109,82,112,12,65,1.1,88,88,轻度污染
许昌,2025-02-28,133,101,124,6,41,0.8,101,101,轻度污染
常州,2025-03-01,70,39,62,11,33,0.8,124,124,良
许昌,2025-03-01,99,74,70,3,17,0.7,66,66,良
常州,2025-03-02,69,42,72,11,40,0.8,122,122,良
许昌,2025-03-02,39,27,31,2,14,0.6,70,70,优
常州,2025-03-03,39,12,22,5,16,0.5,78,78,优
许昌,2025-03-03,47,17,47,2,14,0.4,73,73,优
常州,2025-03-04,35,16,22,5,21,0.6,69,69,优
许昌,2025-03-04,40,27,40,2,17,0.5,73,73,优
常州,2025-03-05,39,27,38,6,20,0.5,74,74,优
许昌,2025-03-05,79,58,80,4,39,0.6,58,58,良
常州,2025-03-06,62,30,45,6,22,0.5,114,114,良
许昌,2025-03-06,93,69,94,4,33,0.6,124,124,良
常州,2025-03-07,69,50,76,8,40,0.7,106,106,良
许昌,2025-03-07,82,60,81,4,35,0.5,122,122,良
常州,2025-03-08,89,66,96,9,49,0.8,126,126,良
许昌,2025-03-08,88,65,90,4,26,0.5,119,119,良
常州,2025-03-09,62,44,67,8,32,0.6,98,98,良
许昌,2025-03-09,100,75,99,3,25,0.5,127,127,良
常州,2025-03-10,64,46,72,7,37,0.6,103,103,良
许昌,2025-03-10,90,67,88,3,22,0.5,112,112,良
常州,2025-03-11,84,62,96,9,56,0.9,119,119,良
许昌,2025-03-11,97,72,89,3,26,0.5,84,84,良
常州,2025-03-12,63,45,71,8,41,1,74,74,良
许昌,2025-03-12,132,74,214,5,29,0.5,92,92,轻度污染
常州,2025-03-13,47,28,47,8,30,0.7,67,67,优
许昌,2025-03-13,147,112,186,3,29,0.5,124,124,轻度污染
常州,2025-03-14,49,20,49,9,35,0.7,59,59,优
许昌,2025-03-14,52,30,54,3,18,0.3,79,79,良
常州,2025-03-15,44,23,42,6,22,0.5,88,88,优
许昌,2025-03-15,74,53,98,4,27,0.5,84,84,良
常州,2025-03-16,49,29,45,7,23,0.4,98,98,优
许昌,2025-03-16,51,24,51,3,17,0.4,92,92,良
常州,2025-03-17,53,24,41,10,27,0.5,103,103,良
许昌,2025-03-17,50,18,50,4,18,0.3,100,100,优
常州,2025-03-18,51,21,42,8,26,0.5,101,101,良
许昌,2025-03-18,61,26,71,4,25,0.4,100,100,良
常州,2025-03-19,66,40,68,11,38,0.7,119,119,良
许昌,2025-03-19,60,32,67,6,27,0.4,112,112,良
常州,2025-03-20,80,41,68,11,32,0.6,136,136,良
许昌,2025-03-20,59,18,48,6,18,0.3,110,110,良
常州,2025-03-21,86,30,56,13,36,0.7,143,143,良
许昌,2025-03-21,65,22,59,6,18,0.3,117,117,良
常州,2025-03-22,94,33,62,15,41,0.7,152,152,良
许昌,2025-03-22,67,31,84,6,18,0.4,115,115,良
常州,2025-03-23,82,41,79,18,38,0.8,138,138,良
许昌,2025-03-23,79,40,107,8,20,0.4,113,113,良
常州,2025-03-24,88,38,77,14,29,0.8,145,145,良
许昌,2025-03-24,167,82,284,6,20,0.4,87,87,中度污染
常州,2025-03-25,100,40,98,14,47,0.8,160,160,良
许昌,2025-03-25,73,45,82,5,19,0.5,127,127,良
常州,2025-03-26,142,56,110,14,47,1,206,206,轻度污染
许昌,2025-03-26,105,54,124,6,26,0.6,165,165,轻度污染
常州,2025-03-27,84,42,118,10,20,0.7,117,117,良
许昌,2025-03-27,102,31,154,4,14,0.5,86,86,轻度污染
常州,2025-03-28,63,24,75,8,18,0.6,79,79,良
许昌,2025-03-28,159,60,267,4,12,0.3,82,82,中度污染
常州,2025-03-29,70,34,89,8,22,0.7,92,92,良
许昌,2025-03-29,64,26,78,3,15,0.4,88,88,良
常州,2025-03-30,54,26,58,9,24,1,98,98,良
许昌,2025-03-30,60,29,0,5,19,0.4,100,100,良
常州,2025-03-31,60,17,40,8,24,0.5,111,111,良
许昌,2025-03-31,73,40,96,5,17,0.4,103,103,良
常州,2025-04-01,73,27,52,8,27,0.6,127,127,良
许昌,2025-04-01,68,35,85,6,20,0.4,114,114,良
常州,2025-04-02,103,38,,11,,0.6,163,163,轻度污染
许昌,2025-04-02,62,16,74,3,17,0.3,102,102,良
常州,2025-04-03,72,30,685369,10,,0.7,126,126,良
许昌,2025-04-03,73,31,69,6,24,0.4,127,127,良
常州,2025-04-04,97,37,,10,,0.7,156,156,良
许昌,2025-04-04,82,54,113,6,24,0.5,108,108,良
常州,2025-04-05,92,43,88,11,,0.7,150,150,良
许昌,2025-04-05,71,18,92,6,17,0.3,108,108,良
常州,2025-04-06,106,48,96,12,33,0.8,166,166,轻度污染
许昌,2025-04-06,80,39,110,7,20,0.4,133,133,良
常州,2025-04-07,126,52,98,12,33,0.8,188,188,轻度污染
许昌,2025-04-07,81,41,112,7,16,0.4,134,134,良
常州,2025-04-08,115,46,88,14,42,0.8,176,176,轻度污染
许昌,2025-04-08,99,67,136,7,30,0.6,158,158,良
常州,2025-04-09,130,57,112,15,46,0.9,192,192,轻度污染
许昌,2025-04-09,100,61,150,10,26,0.7,129,129,良
常州,2025-04-10,116,76,147,16,59,1.2,177,177,轻度污染
许昌,2025-04-10,106,77,141,7,19,0.8,166,166,轻度污染
常州,2025-04-11,93,50,102,13,44,0.9,151,151,良
许昌,2025-04-11,81,53,112,6,24,0.6,101,101,良
常州,2025-04-12,131,54,211,9,22,0.6,86,86,轻度污染
许昌,2025-04-12,413,98,513,4,10,0.2,99,99,严重污染
常州,2025-04-13,92,28,134,10,15,0.5,112,112,良
许昌,2025-04-13,91,32,131,5,18,0.3,110,110,良
常州,2025-04-14,74,24,97,10,21,0.5,120,120,良
许昌,2025-04-14,69,22,64,4,17,0.4,122,122,良
常州,2025-04-15,89,23,62,13,29,0.6,146,146,良
许昌,2025-04-15,74,32,68,8,24,0.5,128,128,良
常州,2025-04-16,97,29,61,15,37,0.6,156,156,良
许昌,2025-04-16,95,47,139,7,15,0.4,130,130,良
常州,2025-04-17,89,32,80,15,29,0.6,146,146,良
许昌,2025-04-17,95,55,140,7,17,0.5,149,149,良
常州,2025-04-18,144,39,92,14,28,0.7,208,208,轻度污染
许昌,2025-04-18,101,57,152,6,16,0.5,158,158,轻度污染
常州,2025-04-19,129,48,130,13,25,0.8,191,191,轻度污染
许昌,2025-04-19,62,44,56,3,16,0.4,104,104,良
常州,2025-04-20,85,28,66,11,23,0.7,141,141,良
许昌,2025-04-20,101,42,66,4,22,0.5,161,161,轻度污染
常州,2025-04-21,74,37,98,11,26,0.8,110,110,良
许昌,2025-04-21,57,40,64,4,17,0.5,86,86,良
常州,2025-04-22,74,35,71,10,18,0.7,128,128,良
许昌,2025-04-22,86,46,77,5,16,0.5,143,143,良
常州,2025-04-23,100,35,74,11,27,0.7,160,160,良
许昌,2025-04-23,104,52,157,8,20,0.5,152,152,轻度污染
常州,2025-04-24,95,39,94,13,30,0.8,153,153,良
常州,2025-04-25,63,18,70,12,29,0.6,115,115,良
常州,2025-04-26,92,15,48,10,24,0.5,150,150,良
常州,2025-04-27,86,24,58,12,34,0.6,143,143,良
常州,2025-05-01,87,24,60,10,16,0.5,144,144,良
许昌,2025-05-01,89,35,107,6,17,0.4,146,146,良
常州,2025-05-02,122,25,66,12,19,0.6,184,184,轻度污染
许昌,2025-05-02,107,46,163,5,12,0.4,148,148,轻度污染
常州,2025-05-03,85,20,56,12,17,0.6,141,141,良
许昌,2025-05-03,63,18,66,3,12,0.3,115,115,良
常州,2025-05-04,84,12,34,10,18,0.5,140,140,良
许昌,2025-05-04,97,24,60,6,17,0.4,156,156,良
常州,2025-05-05,57,23,58,9,24,0.7,108,108,良
许昌,2025-05-05,141,83,232,6,13,0.3,115,115,轻度污染
常州,2025-05-06,82,39,90,12,24,0.6,138,138,良
许昌,2025-05-06,168,92,286,6,14,0.3,130,130,中度污染
常州,2025-05-07,124,34,106,12,22,0.6,186,186,轻度污染
许昌,2025-05-07,170,110,289,5,16,0.4,143,143,中度污染
常州,2025-05-08,59,19,67,10,18,0.6,106,106,良
许昌,2025-05-08,92,68,134,5,19,0.6,100,100,良
常州,2025-05-09,63,9,28,8,17,0.6,115,115,良
许昌,2025-05-09,88,35,126,5,11,0.4,110,110,良
常州,2025-05-10,61,15,47,9,17,0.5,113,113,良
许昌,2025-05-10,80,24,46,5,14,0.4,135,135,良
常州,2025-05-11,96,22,48,11,22,0.6,155,155,良
许昌,2025-05-11,90,28,56,8,20,0.4,147,147,良
常州,2025-05-12,117,26,50,14,24,0.6,178,178,轻度污染
许昌,2025-05-12,90,34,73,6,14,0.4,148,148,良
常州,2025-05-13,124,31,58,12,26,0.7,186,186,轻度污染
许昌,2025-05-13,95,44,76,6,15,0.4,154,154,良
常州,2025-05-14,137,31,60,13,25,0.7,200,200,轻度污染
许昌,2025-05-14,107,38,73,6,14,0.4,167,167,轻度污染
常州,2025-05-15,100,74,150,17,52,,104,104,良
许昌,2025-05-15,109,43,75,5,15,0.6,169,169,轻度污染
常州,2025-05-16,55,20,45,9,23,0.7,105,105,良
许昌,2025-05-16,103,46,85,4,14,0.6,163,163,轻度污染
常州,2025-05-17,86,25,53,12,20,0.7,143,143,良
许昌,2025-05-17,144,54,238,4,13,0.4,126,126,轻度污染
常州,2025-05-18,74,26,87,10,18,0.6,128,128,良
许昌,2025-05-18,104,44,135,6,20,0.4,164,164,轻度污染
常州,2025-05-19,115,34,82,10,20,0.7,176,176,轻度污染
许昌,2025-05-19,119,71,155,7,17,0.5,180,180,轻度污染
常州,2025-05-20,52,25,54,10,22,0.7,94,94,良
许昌,2025-05-20,102,52,87,4,17,0.6,162,162,轻度污染
常州,2025-05-21,58,14,28,8,21,0.6,109,109,良
许昌,2025-05-21,126,48,99,4,18,0.6,188,188,轻度污染
常州,2025-05-22,138,33,61,10,30,0.9,201,201,轻度污染
许昌,2025-05-22,82,44,114,4,13,0.6,134,134,良
常州,2025-05-23,48,16,29,7,14,0.6,95,95,优
许昌,2025-05-23,91,62,70,4,13,0.6,149,149,良
常州,2025-05-24,95,31,46,8,20,0.6,154,154,良
许昌,2025-05-24,93,41,58,5,18,0.6,151,151,良
常州,2025-05-25,150,42,65,10,32,0.7,214,214,轻度污染
许昌,2025-05-25,83,42,72,8,30,0.6,139,139,良
常州,2025-05-26,104,26,47,8,20,0.6,164,164,轻度污染
许昌,2025-05-26,120,36,68,8,31,0.5,182,182,轻度污染
常州,2025-05-27,97,19,39,8,22,0.5,156,156,良
许昌,2025-05-27,111,61,106,5,26,0.6,172,172,轻度污染
常州,2025-05-28,90,24,49,8,24,0.6,147,147,良
许昌,2025-05-28,141,44,89,6,24,0.5,205,205,轻度污染
常州,2025-05-29,136,35,67,8,30,0.6,199,199,轻度污染
许昌,2025-05-29,151,46,131,6,25,0.5,216,216,中度污染
常州,2025-05-30,130,30,50,11,21,0.5,193,193,轻度污染
许昌,2025-05-30,102,33,88,6,21,0.4,162,162,轻度污染
常州,2025-05-31,107,32,56,8,21,0.6,167,167,轻度污染
许昌,2025-05-31,66,22,51,4,18,0.3,119,119,良
常州,2025-06-01,66,8,23,6,12,0.5,119,119,良
许昌,2025-06-01,88,26,49,4,12,0.3,145,145,良
常州,2025-06-02,54,6,17,6,13,0.5,104,104,良
许昌,2025-06-02,112,38,65,11,16,0.4,173,173,轻度污染
常州,2025-06-03,128,24,42,9,19,0.6,190,190,轻度污染
许昌,2025-06-03,126,32,74,9,18,0.5,188,188,轻度污染
常州,2025-06-04,147,37,65,12,25,0.7,211,211,轻度污染
许昌,2025-06-04,148,24,75,10,24,0.4,212,212,轻度污染
常州,2025-06-05,151,28,54,10,25,0.6,216,216,中度污染
许昌,2025-06-05,116,22,57,7,16,0.4,177,177,轻度污染
常州,2025-06-06,127,19,42,11,21,0.5,189,189,轻度污染
许昌,2025-06-06,142,28,60,6,15,0.5,206,206,轻度污染
常州,2025-06-07,55,26,60,8,23,0.7,105,105,良
许昌,2025-06-07,70,38,89,7,28,0.6,101,101,良
常州,2025-06-08,47,11,25,7,18,0.7,93,93,优
许昌,2025-06-08,119,36,76,7,17,0.6,180,180,轻度污染
常州,2025-06-09,48,23,48,6,20,0.8,71,71,优
许昌,2025-06-09,117,26,53,7,16,0.6,178,178,轻度污染
常州,2025-06-10,44,22,44,8,31,0.8,84,84,优
许昌,2025-06-10,137,28,80,6,18,0.6,200,200,轻度污染
常州,2025-06-11,57,23,44,7,26,0.7,108,108,良
许昌,2025-06-11,123,26,55,4,19,0.5,185,185,轻度污染
常州,2025-06-12,48,18,33,6,24,0.6,96,96,优
许昌,2025-06-12,123,27,48,4,14,0.5,185,185,轻度污染
常州,2025-06-13,41,10,20,6,20,0.5,82,82,优
许昌,2025-06-13,132,26,55,3,14,0.5,195,195,轻度污染
常州,2025-06-14,48,17,32,11,23,0.6,95,95,优
许昌,2025-06-14,82,19,47,4,17,0.5,138,138,良
常州,2025-06-15,33,,18,8,14,0.5,65,65,优
许昌,2025-06-15,77,10,46,6,11,0.3,132,132,良
常州,2025-06-16,75,14,36,9,11,0.5,129,129,良
许昌,2025-06-16,88,18,75,4,16,0.3,145,145,良
常州,2025-06-17,110,19,46,,17,0.5,170,170,轻度污染
许昌,2025-06-17,130,23,52,5,20,0.5,192,192,轻度污染
常州,2025-06-18,120,26,56,,21,0.6,182,182,轻度污染
许昌,2025-06-18,44,15,33,3,17,0.5,88,88,优
常州,2025-06-19,41,13,30,,17,0.5,81,81,优
许昌,2025-06-19,25,11,25,3,16,0.4,41,41,优
常州,2025-06-20,31,9,20,8,16,0.4,61,61,优
许昌,2025-06-20,75,17,26,3,8,0.4,130,130,良
常州,2025-06-21,46,,18,8,16,0.4,92,92,优
许昌,2025-06-21,104,23,45,3,15,0.4,164,164,轻度污染
常州,2025-06-22,47,11,18,6,17,0.8,94,94,优
许昌,2025-06-22,108,16,31,2,14,0.4,168,168,轻度污染
常州,2025-06-23,52,15,27,7,24,0.7,102,102,良
许昌,2025-06-23,108,21,44,3,18,0.4,168,168,轻度污染
常州,2025-06-24,55,16,29,6,21,0.5,106,106,良
许昌,2025-06-24,121,21,38,2,14,0.4,183,183,轻度污染
常州,2025-06-25,120,27,52,9,28,0.7,182,182,轻度污染
许昌,2025-06-25,95,30,53,4,20,0.4,154,154,良
常州,2025-06-26,90,26,45,8,17,0.6,147,147,良
许昌,2025-06-26,80,15,27,2,10,0.4,136,136,良
常州,2025-06-27,55,12,26,10,20,0.5,106,106,良
许昌,2025-06-27,87,12,28,3,12,0.4,144,144,良
常州,2025-06-28,41,9,18,8,15,0.5,82,82,优
许昌,2025-06-28,55,13,26,2,12,0.4,106,106,良
常州,2025-06-29,66,10,19,8,14,0.5,119,119,良
许昌,2025-06-29,41,9,25,2,14,0.4,82,82,优
常州,2025-06-30,92,22,41,9,20,0.6,150,150,良
许昌,2025-06-30,47,9,23,2,13,0.4,93,93,优
常州,2025-07-01,90,13,26,9,15,0.5,147,147,良
许昌,2025-07-01,47,8,18,3,11,0.3,93,93,优
常州,2025-07-02,84,16,36,8,17,0.5,140,140,良
许昌,2025-07-02,46,9,23,2,15,0.3,92,92,优
常州,2025-07-03,99,19,40,8,17,0.4,158,158,良
许昌,2025-07-03,56,7,20,4,12,0.3,107,107,良
常州,2025-07-04,152,25,46,7,15,0.6,217,217,中度污染
许昌,2025-07-04,74,9,22,2,15,0.3,128,128,良
常州,2025-07-05,124,24,45,7,16,0.6,186,186,轻度污染
许昌,2025-07-05,87,7,24,4,11,0.3,144,144,良
常州,2025-07-06,146,22,43,6,16,0.6,210,210,轻度污染
许昌,2025-07-06,150,16,42,6,14,0.4,215,215,轻度污染
常州,2025-07-07,81,10,25,6,14,0.4,137,137,良
许昌,2025-07-07,106,19,43,3,14,0.4,166,166,轻度污染
常州,2025-07-08,31,6,61,6,16,0.5,61,61,优
许昌,2025-07-08,87,19,36,2,10,0.4,144,144,良
常州,2025-07-09,42,8,20,6,9,0.5,84,84,优
许昌,2025-07-09,44,13,27,2,8,0.3,88,88,优
常州,2025-07-10,47,30,47,8,10,0.5,84,84,优
许昌,2025-07-10,50,21,39,1,9,0.3,99,99,优
常州,2025-07-11,29,16,29,7,15,0.5,57,57,优
许昌,2025-07-11,54,38,55,2,8,0.4,93,93,良
常州,2025-07-12,32,16,29,7,13,0.5,63,63,优
许昌,2025-07-12,51,29,45,2,9,0.4,101,101,良
常州,2025-07-13,74,23,35,7,12,0.5,128,128,良
许昌,2025-07-13,78,22,40,2,13,0.4,133,133,良
常州,2025-07-14,108,19,32,8,15,0.6,168,168,轻度污染
许昌,2025-07-14,93,20,36,2,12,0.4,151,151,良
常州,2025-07-15,109,23,43,10,20,0.7,169,169,轻度污染
许昌,2025-07-15,94,23,37,2,11,0.4,152,152,良
常州,2025-07-16,65,23,41,8,14,0.7,118,118,良
许昌,2025-07-16,115,26,50,2,8,0.5,176,176,轻度污染
常州,2025-07-17,104,16,30,7,12,0.6,164,164,轻度污染
许昌,2025-07-17,95,20,37,2,10,0.5,153,153,良
常州,2025-07-18,89,15,27,7,10,0.6,146,146,良
许昌,2025-07-18,112,21,39,2,10,0.5,173,173,轻度污染
常州,2025-07-19,46,9,21,7,12,0.5,91,91,优
许昌,2025-07-19,115,24,44,2,14,0.5,176,176,轻度污染
常州,2025-07-20,34,6,21,7,8,0.4,68,68,优
许昌,2025-07-20,110,24,42,2,12,0.4,170,170,轻度污染
常州,2025-07-21,38,6,20,7,9,0.4,75,75,优
许昌,2025-07-21,64,23,37,2,7,0.5,116,116,良
常州,2025-07-22,42,6,20,7,9,0.4,84,84,优
许昌,2025-07-22,60,21,44,2,7,0.4,112,112,良
常州,2025-07-23,48,7,22,8,12,0.4,95,95,优
许昌,2025-07-23,40,7,16,2,9,0.3,80,80,优
常州,2025-07-24,46,12,27,8,12,0.4,92,92,优
许昌,2025-07-24,50,12,26,2,11,0.4,100,100,优
许昌,2025-07-25,72,14,30,4,9,0.3,126,126,良
许昌,2025-07-26,41,13,30,2,8,0.3,82,82,优
许昌,2025-07-27,41,13,28,2,8,0.3,81,81,优
许昌,2025-07-28,49,15,27,2,9,0.3,98,98,优
许昌,2025-07-29,59,14,29,2,10,0.3,110,110,良
许昌,2025-07-30,104,17,36,3,11,0.4,164,164,轻度污染
许昌,2025-07-31,106,22,44,4,10,0.5,166,166,轻度污染
常州,2025-08-01,88,18,29,8,15,0.7,145,145,良
许昌,2025-08-01,85,20,42,3,9,0.4,142,142,良
常州,2025-08-02,52,11,81,7,10,0.7,102,102,良
许昌,2025-08-02,55,12,22,2,7,0.3,106,106,良
常州,2025-08-03,74,12,19,7,10,0.7,128,128,良
许昌,2025-08-03,80,16,30,2,10,0.4,135,135,良
常州,2025-08-04,85,14,25,8,22,0.7,141,141,良
许昌,2025-08-04,77,17,32,2,9,0.4,132,132,良
常州,2025-08-05,102,24,42,7,21,0.9,162,162,轻度污染
许昌,2025-08-05,89,21,40,2,11,0.5,146,146,良
常州,2025-08-06,44,14,25,8,13,6,87,87,优
许昌,2025-08-06,69,11,22,2,8,0.4,122,122,良
常州,2025-08-07,50,8,17,10,10,0,100,100,优
许昌,2025-08-07,51,10,20,2,8,0.4,101,101,良
常州,2025-08-08,48,10,22,9,12,6,95,95,优
许昌,2025-08-08,57,11,22,4,8,0.4,108,108,良
常州,2025-08-09,48,14,26,9,12,0.6,96,96,优
许昌,2025-08-09,42,8,20,2,9,0.5,84,84,优
常州,2025-08-10,54,13,26,,,0.7,104,104,良
许昌,2025-08-10,71,18,32,3,10,0.5,125,125,良
常州,2025-08-11,41,13,24,6,1,0.8,82,82,优
许昌,2025-08-11,80,16,27,4,10,0.4,136,136,良
常州,2025-08-12,95,22,31,6,25,1,154,154,良
许昌,2025-08-12,61,10,20,3,10,0.4,113,113,良
常州,2025-08-13,85,17,25,,22,0.8,142,142,良
许昌,2025-08-13,74,14,26,3,12,0.4,128,128,良
常州,2025-08-14,49,7,20,,,0.6,98,98,优
许昌,2025-08-14,48,10,21,2,11,0.4,96,96,优
常州,2025-08-15,59,9,20,8,9,0.6,110,110,良
许昌,2025-08-15,52,14,28,2,10,0.4,102,102,良
常州,2025-08-16,65,11,24,,11,0.6,117,117,良
许昌,2025-08-16,48,8,22,3,12,0.4,95,95,优
常州,2025-08-17,65,15,27,,9,0.6,117,117,良
许昌,2025-08-17,64,13,28,3,13,0.4,116,116,良
常州,2025-08-18,76,14,26,8,11,0.6,131,131,良
许昌,2025-08-18,88,17,34,2,12,0.4,145,145,良
常州,2025-08-19,99,16,34,,14,0.7,158,158,良
许昌,2025-08-19,73,17,33,3,10,0.4,127,127,良
常州,2025-08-20,88,20,36,9,20,0.8,145,145,良
许昌,2025-08-20,62,9,22,2,8,0.4,114,114,良
常州,2025-08-21,140,29,47,,21,0.8,204,204,轻度污染
许昌,2025-08-21,61,10,24,3,10,0.4,113,113,良
常州,2025-08-22,95,15,29,10,17,0.7,154,154,良
许昌,2025-08-22,62,18,40,4,10,0.4,114,114,良
常州,2025-08-23,67,11,23,,12,0.6,120,120,良
许昌,2025-08-23,64,16,34,3,12,0.4,116,116,良
常州,2025-08-24,77,18,34,10,18,0.7,132,132,良
许昌,2025-08-24,61,14,30,4,11,0.4,113,113,良
常州,2025-08-25,85,16,33,,21,0.9,142,142,良
许昌,2025-08-25,75,17,28,3,10,0.6,129,129,良
常州,2025-08-26,119,15,28,,20,0.9,180,180,轻度污染
许昌,2025-08-26,74,21,38,4,11,0.6,128,128,良
常州,2025-08-27,111,21,36,8,20,0.7,172,172,轻度污染
许昌,2025-08-27,77,18,32,2,9,0.5,132,132,良
常州,2025-08-28,82,12,26,7,14,0.6,138,138,良
许昌,2025-08-28,80,20,40,3,11,0.5,136,136,良
常州,2025-08-29,94,13,31,8,17,0.6,152,152,良
许昌,2025-08-29,85,19,34,2,9,0.6,142,142,良
常州,2025-08-30,88,14,30,8,15,0.6,145,145,良
许昌,2025-08-30,86,20,41,4,14,0.7,143,143,良
常州,2025-08-31,72,13,25,7,12,0.7,126,126,良
许昌,2025-08-31,70,17,28,2,10,0.7,124,124,良
常州,2025-09-01,64,16,29,8,14,0.8,116,116,良
许昌,2025-09-01,80,19,32,3,13,0.6,136,136,良
常州,2025-09-02,50,12,22,7,18,0.7,99,99,优
许昌,2025-09-02,89,21,37,2,16,0.5,146,146,良
常州,2025-09-03,96,22,33,7,24,0.7,155,155,良
许昌,2025-09-03,43,22,41,2,14,0.5,86,86,优
常州,2025-09-04,138,36,55,9,31,1,201,201,轻度污染
许昌,2025-09-04,39,14,22,2,12,0.5,77,77,优
常州,2025-09-05,112,28,45,9,23,0.8,173,173,轻度污染
许昌,2025-09-05,41,11,24,2,10,0.6,82,82,优
常州,2025-09-06,97,21,39,9,18,0.7,156,156,良
许昌,2025-09-06,54,21,58,4,13,0.5,66,66,良
常州,2025-09-07,99,24,39,8,16,0.8,158,158,良
许昌,2025-09-07,54,24,58,3,16,0.6,68,68,良
常州,2025-09-08,64,24,42,8,21,0.9,116,116,良
许昌,2025-09-08,32,12,22,3,12,0.5,64,64,优
常州,2025-09-09,45,12,25,8,17,0.6,89,89,优
许昌,2025-09-09,62,13,28,3,15,0.5,114,114,良
常州,2025-09-10,73,15,33,9,21,0.7,127,127,良
许昌,2025-09-10,43,18,35,3,18,0.6,85,85,优
常州,2025-09-11,109,17,36,9,18,0.6,169,169,轻度污染
许昌,2025-09-11,46,6,9,2,8,0.5,92,92,优
常州,2025-09-12,74,19,38,,19,0.7,128,128,良
许昌,2025-09-12,52,12,23,2,14,0.5,102,102,良
常州,2025-09-13,68,18,36,8,15,0.8,121,121,良
许昌,2025-09-13,70,26,45,4,14,0.6,124,124,良
常州,2025-09-14,85,24,46,8,20,0.8,141,141,良
许昌,2025-09-14,63,17,34,3,13,0.5,115,115,良
常州,2025-09-15,84,15,26,8,19,0.8,140,140,良
许昌,2025-09-15,41,13,28,3,16,0.6,82,82,优
常州,2025-09-16,102,25,43,9,16,0.7,162,162,轻度污染
许昌,2025-09-16,36,11,22,2,14,0.5,72,72,优
常州,2025-09-17,84,20,36,10,19,0.7,140,140,良
许昌,2025-09-17,34,8,22,4,14,0.4,67,67,优
常州,2025-09-18,48,8,22,8,14,0.6,95,95,优
许昌,2025-09-18,30,9,15,4,17,0.5,59,59,优
常州,2025-09-19,70,12,33,9,16,0.6,123,123,良
许昌,2025-09-19,34,8,14,2,20,0.7,67,67,优
常州,2025-09-20,40,13,25,8,17,0.6,79,79,优
许昌,2025-09-20,65,16,27,3,22,0.7,117,117,良
常州,2025-09-21,79,14,30,9,18,0.7,134,134,良
许昌,2025-09-21,47,29,46,5,22,0.6,93,93,优
常州,2025-09-22,96,14,34,9,24,0.7,155,155,良
许昌,2025-09-22,43,15,13,2,13,0.6,85,85,优
常州,2025-09-23,69,14,36,9,25,0.7,122,122,良
许昌,2025-09-23,37,12,12,2,15,0.7,73,73,优
常州,2025-09-24,28,10,24,8,22,0.7,42,42,优
许昌,2025-09-24,74,16,28,3,22,0.9,128,128,良
常州,2025-09-25,29,13,22,8,21,0.7,58,58,优
许昌,2025-09-25,78,29,51,5,29,0.7,133,133,良
常州,2025-09-26,34,21,34,7,17,0.7,57,57,优
许昌,2025-09-26,52,16,24,3,19,0.5,102,102,良
常州,2025-09-27,65,26,46,7,22,0.8,117,117,良
许昌,2025-09-27,35,11,13,3,18,0.5,70,70,优
常州,2025-09-28,74,27,45,8,26,0.9,128,128,良
许昌,2025-09-28,29,20,24,3,20,0.8,44,44,优
常州,2025-09-29,50,20,32,8,20,1,100,100,优
许昌,2025-09-29,49,17,27,4,14,0.5,97,97,优
常州,2025-09-30,46,26,40,8,30,1.1,91,91,优
许昌,2025-09-30,73,22,37,5,15,0.5,127,127,良
常州,2025-10-01,79,31,48,9,28,1.1,134,134,良
许昌,2025-10-01,40,11,19,4,13,0.3,80,80,优
常州,2025-10-02,75,24,38,9,13,0.9,129,129,良
许昌,2025-10-02,41,11,14,2,11,0.3,82,82,优
常州,2025-10-03,50,18,37,9,15,0.9,100,100,优
许昌,2025-10-03,46,22,29,3,14,0.4,91,91,优
常州,2025-10-04,70,24,46,10,21,1.1,124,124,良
许昌,2025-10-04,46,32,30,4,18,0.4,60,60,优
常州,2025-10-05,86,29,47,8,22,0.9,143,143,良
许昌,2025-10-05,28,13,15,3,12,0.5,56,56,优
常州,2025-10-06,78,37,56,,20,1,133,133,良
许昌,2025-10-06,24,8,10,3,11,0.6,48,48,优
常州,2025-10-07,78,31,46,8,11,1,133,133,良
许昌,2025-10-07,26,16,22,4,17,0.5,51,51,优
常州,2025-10-08,79,20,35,11,19,1.1,134,134,良
许昌,2025-10-08,52,36,45,4,18,0.8,37,37,艮
常州,2025-10-09,96,15,31,9,20,0.8,155,155,良
许昌,2025-10-09,17,5,7,2,13,0.4,33,33,优
常州,2025-10-10,95,14,38,8,18,0.8,154,154,良
许昌,2025-10-10,25,6,11,2,14,0.4,49,49,优
常州,2025-10-11,119,32,74,8,25,0.9,180,180,轻度污染
许昌,2025-10-11,29,15,21,4,23,0.6,40,40,优
常州,2025-10-12,128,62,104,8,28,1.3,190,190,轻度污染
许昌,2025-10-12,27,14,16,4,20,0.6,53,53,优
常州,2025-10-13,46,26,46,,28,1.3,25,25,优
许昌,2025-10-13,42,18,26,4,23,0.6,84,84,优
常州,2025-10-14,28,12,25,7,22,0.9,44,44,优
许昌,2025-10-14,43,30,40,4,26,0.6,85,85,优
常州,2025-10-15,76,27,,9,27,1.1,131,131,良
许昌,2025-10-15,50,35,33,4,25,0.6,77,77,优
常州,2025-10-16,32,10,,8,19,0.8,64,64,优
许昌,2025-10-16,87,64,54,5,23,0.6,72,72,良
常州,2025-10-17,67,14,,9,27,0.7,120,120,良
许昌,2025-10-17,35,10,8,3,14,0.4,69,69,优
常州,2025-10-18,37,8,18,,12,0.6,73,73,优
许昌,2025-10-18,35,17,28,4,16,0.4,70,70,优
常州,2025-10-19,31,10,,,16,0.5,62,62,优
许昌,2025-10-19,49,28,49,5,20,0.4,53,53,优
常州,2025-10-20,34,10,,,13,0.4,68,68,优
许昌,2025-10-20,40,27,40,5,21,0.4,60,60,优
常州,2025-10-21,30,11,,8,18,0.5,60,60,优
许昌,2025-10-21,50,29,50,6,24,0.4,78,78,优
常州,2025-10-22,43,10,,8,18,0.4,85,85,优
许昌,2025-10-22,72,52,83,9,31,0.5,93,93,良
常州,2025-10-23,45,13,,9,22,0.5,90,90,优
许昌,2025-10-23,112,84,134,10,41,0.6,115,115,轻度污染
常州,2025-10-24,48,19,,9,25,0.6,95,95,优
许昌,2025-10-24,129,98,143,9,37,0.6,80,80,轻度污染
常州,2025-10-25,51,25,49,10,25,0.7,101,101,良
许昌,2025-10-25,105,79,76,5,22,0.6,69,69,轻度污染
常州,2025-10-26,45,26,,,23,0.7,86,86,优
许昌,2025-10-26,110,83,87,5,26,0.8,78,78,轻度污染
常州,2025-10-27,54,37,58,,29,0.7,93,93,良
许昌,2025-10-27,140,107,121,4,32,0.9,40,40,轻度污染
常州,2025-10-28,64,23,43,10,32,0.7,116,116,良
许昌,2025-10-28,62,44,64,5,32,0.7,96,96,良
常州,2025-10-29,44,15,34,10,32,0.6,87,87,优
许昌,2025-10-29,87,64,101,5,34,0.6,80,80,良
常州,2025-10-30,50,14,37,8,40,0.6,45,45,优
常州,2025-10-31,40,19,38,8,26,0.6,80,80,优
常州,2025-11-01,122,92,144,9,28,1,115,115,轻度污染
许昌,2025-11-01,69,36,87,8,28,0.5,100,100,良
常州,2025-11-02,78,57,93,9,26,0.8,114,114,良
许昌,2025-11-02,82,59,113,8,44,0.5,76,76,良
常州,2025-11-03,40,16,36,9,30,0.6,80,80,优
许昌,2025-11-03,88,63,126,7,47,0.5,95,95,良
常州,2025-11-04,57,26,55,9,45,0.7,64,64,良
许昌,2025-11-04,89,66,128,6,45,0.6,113,113,良
常州,2025-11-05,55,28,59,10,44,0.8,81,81,良
许昌,2025-11-05,104,78,129,7,42,0.5,102,102,轻度污染
常州,2025-11-06,57,29,64,9,34,0.8,87,87,良
许昌,2025-11-06,100,75,86,5,36,0.5,43,43,良
常州,2025-11-07,52,26,54,8,35,0.7,68,68,良
许昌,2025-11-07,95,71,57,4,25,0.6,57,57,良
常州,2025-11-08,32,14,32,7,17,0.6,59,59,优
许昌,2025-11-08,65,47,38,5,23,0.7,80,80,良
常州,2025-11-09,40,21,40,7,24,0.6,64,64,优
许昌,2025-11-09,77,46,104,7,32,0.7,90,90,良
常州,2025-11-10,56,32,61,9,28,0.6,90,90,良
许昌,2025-11-10,100,75,121,6,40,0.6,89,89,良
常州,2025-11-11,38,14,36,9,30,0.5,76,76,优
许昌,2025-11-11,82,60,98,6,42,0.6,86,86,良
常州,2025-11-12,51,22,51,9,35,0.5,77,77,良
许昌,2025-11-12,82,60,100,9,41,0.6,84,84,良
常州,2025-11-13,64,40,76,10,42,0.6,116,116,良
许昌,2025-11-13,137,104,158,8,46,0.8,101,101,轻度污染
常州,2025-11-14,119,90,153,12,57,1.1,135,135,轻度污染
许昌,2025-11-14,144,110,166,9,44,0.8,102,102,轻度污染
常州,2025-11-15,89,66,113,10,57,0.9,136,136,良
许昌,2025-11-15,155,118,182,9,51,0.9,92,92,中度污染
常州,2025-11-16,89,44,82,10,39,0.6,146,146,良
许昌,2025-11-16,112,84,156,8,37,0.8,94,94,轻度污染
常州,2025-11-17,43,18,43,,19,0.5,69,69,优
许昌,2025-11-17,47,13,47,6,18,0.3,49,49,优
常州,2025-11-18,42,22,42,,28,0.6,51,51,优
许昌,2025-11-18,40,10,40,8,16,0.4,54,54,优
常州,2025-11-19,54,30,58,9,38,0.6,60,60,良
许昌,2025-11-19,47,20,47,8,22,0.3,62,62,优
常州,2025-11-20,67,48,77,11,48,0.8,73,73,良
许昌,2025-11-20,58,37,66,8,34,0.5,70,70,良
常州,2025-11-21,89,66,98,12,58,0.9,82,82,良
许昌,2025-11-21,63,42,76,9,36,0.4,76,76,良
常州,2025-11-22,125,95,135,15,57,1,122,122,轻度污染
许昌,2025-11-22,82,60,101,8,37,0.5,73,73,良
常州,2025-11-23,122,92,123,16,51,0.8,105,105,轻度污染
许昌,2025-11-23,77,51,103,7,28,0.4,78,78,良
常州,2025-11-24,95,71,105,11,39,0.8,104,104,良
许昌,2025-11-24,119,44,187,6,17,0.3,66,66,轻度污染
常州,2025-11-25,81,28,112,7,30,0.4,62,62,良
许昌,2025-11-25,98,42,146,5,28,0.4,62,62,良
常州,2025-11-26,80,47,110,12,53,0.7,76,76,良
许昌,2025-11-26,115,48,179,5,23,0.4,76,76,轻度污染
常州,2025-11-27,174,65,297,7,32,0.4,62,62,中度污染
许昌,2025-11-27,243,82,380,4,21,0.4,64,64,重度污染
常州,2025-11-28,155,69,260,9,48,0.6,65,65,中度污染
许昌,2025-11-28,107,62,164,5,29,0.5,70,70,轻度污染
常州,2025-11-29,108,58,166,13,54,0.6,75,75,轻度污染
常州,2025-11-30,93,69,124,16,67,0.8,102,102,良
常州,2025-12-01,94,59,138,10,36,0.8,85,85,良
许昌,2025-12-01,168,80,286,6,31,0.5,59,59,中度污染
常州,2025-12-02,60,25,69,8,30,0.6,62,62,良
许昌,2025-12-02,90,44,130,6,29,0.7,47,47,良
常州,2025-12-03,43,21,43,7,25,0.5,67,67,优
许昌,2025-12-03,64,38,77,8,37,0.6,55,55,良
常州,2025-12-04,68,35,62,1,54,0.7,61,61,良
许昌,2025-12-04,75,55,86,8,32,0.6,64,64,良
常州,2025-12-05,78,57,92,11,52,0.8,68,68,良
许昌,2025-12-05,133,101,135,10,43,0.7,70,70,轻度污染
常州,2025-12-06,74,54,83,11,51,0.8,85,85,良
许昌,2025-12-06,140,107,146,8,36,0.7,86,86,轻度污染
常州,2025-12-07,88,65,95,12,60,0.8,85,85,良
许昌,2025-12-07,100,75,125,10,38,0.7,68,68,良
常州,2025-12-08,72,52,92,8,36,0.7,77,77,良
许昌,2025-12-08,122,92,158,9,55,0.8,62,62,轻度污染
常州,2025-12-09,61,26,72,8,48,0.6,67,67,良
许昌,2025-12-09,139,106,161,8,56,1,66,66,轻度污染
常州,2025-12-10,59,30,67,10,46,0.6,62,62,良
许昌,2025-12-10,195,146,207,10,51,1.2,91,91,中度污染
常州,2025-12-11,110,83,134,11,44,1,108,108,轻度污染
许昌,2025-12-11,193,145,213,9,44,1.3,58,58,中度污染
常州,2025-12-12,32,13,32,8,20,0.5,61,61,优
许昌,2025-12-12,49,24,49,5,19,0.7,34,34,优
常州,2025-12-13,42,24,42,6,22,0.6,50,50,优
许昌,2025-12-13,77,30,104,5,15,0.4,67,67,良
常州,2025-12-14,57,37,63,7,26,0.7,70,70,良
许昌,2025-12-14,80,42,109,6,24,0.4,59,59,良
常州,2025-12-15,68,43,85,10,44,0.8,69,69,良
许昌,2025-12-15,82,60,86,6,29,0.5,68,68,良
常州,2025-12-16,92,68,112,13,65,,56,56,良
许昌,2025-12-16,145,111,150,8,38,0.8,74,74,轻度污染
常州,2025-12-17,124,94,147,11,55,,74,74,轻度污染
许昌,2025-12-17,173,131,164,8,38,0.8,80,80,中度污染
常州,2025-12-18,72,52,86,8,43,0.8,94,94,良
许昌,2025-12-18,236,186,226,6,44,1.1,78,78,重度污染
常州,2025-12-19,100,75,120,10,59,,74,74,良
许昌,2025-12-19,206,156,193,7,38,1.1,86,86,重度污染
常州,2025-12-20,142,108,160,10,62,,54,54,轻度污染
许昌,2025-12-20,173,131,165,6,43,1.1,46,46,中度污染
常州,2025-12-21,30,14,30,6,18,0.4,57,57,优
许昌,2025-12-21,129,98,132,7,44,0.8,54,54,轻度污染
常州,2025-12-22,44,14,35,8,35,0.6,42,42,优
许昌,2025-12-22,59,39,67,5,33,0.5,23,23,良
常州,2025-12-23,51,26,52,8,31,0.6,36,36,良
许昌,2025-12-23,82,60,90,5,30,0.6,41,41,良
常州,2025-12-24,85,63,86,7,36,0.7,17,17,良
许昌,2025-12-24,100,75,118,7,47,0.8,52,52,良
常州,2025-12-25,50,34,50,7,29,0.6,64,64,优
许昌,2025-12-25,90,67,113,8,46,0.7,60,60,良
常州,2025-12-26,48,21,38,8,38,0.5,58,58,优
许昌,2025-12-26,84,62,96,6,40,0.6,68,68,良
常州,2025-12-27,67,40,68,8,53,0.6,66,66,良
许昌,2025-12-27,112,84,118,8,43,0.7,72,72,轻度污染
常州,2025-12-28,78,57,86,10,51,0.7,77,77,良
许昌,2025-12-28,147,112,145,7,41,0.8,87,87,轻度污染
常州,2025-12-29,109,82,119,10,53,0.8,81,81,轻度污染
许昌,2025-12-29,109,82,109,8,39,0.8,78,78,轻度污染
常州,2025-12-30,102,76,111,8,32,0.8,81,81,轻度污染
许昌,2025-12-30,212,162,194,7,48,1,82,82,重度污染
常州,2025-12-31,33,14,30,7,22,0.4,66,66,优
许昌,2025-12-31,66,45,81,7,24,0.7,48,48,良
常州,2026-01-01,27,16,27,5,13,0.3,53,53,优
许昌,2026-01-01,77,56,64,6,29,0.6,54,54,良
常州,2026-01-02,42,29,42,7,23,0.5,63,63,优
许昌,2026-01-02,144,110,116,6,40,0.8,58,58,轻度污染
常州,2026-01-03,67,48,68,7,43,0.7,69,69,良
许昌,2026-01-03,142,108,114,5,27,0.9,57,57,轻度污染
常州,2026-01-04,109,82,107,8,73,1,24,24,轻度污染
许昌,2026-01-04,113,85,89,7,24,0.9,52,52,轻度污染
常州,2026-01-05,129,98,120,8,45,0.9,61,61,轻度污染
许昌,2026-01-05,207,157,176,10,40,1.6,62,62,重度污染
常州,2026-01-06,144,110,138,7,42,1,63,63,轻度污染
许昌,2026-01-06,44,22,44,7,16,0.4,72,72,优
常州,2026-01-07,57,40,57,7,36,0.7,76,76,良
许昌,2026-01-07,52,26,53,7,6,0.4,82,82,良
常州,2026-01-08,90,67,98,9,59,0.8,68,68,良
许昌,2026-01-08,72,47,93,8,32,0.6,70,70,良
常州,2026-01-09,82,60,88,11,49,0.7,88,88,良
许昌,2026-01-09,63,39,76,7,25,0.5,77,77,良
常州,2026-01-10,82,36,114,8,30,0.5,66,66,良
许昌,2026-01-10,82,28,113,6,15,0.4,78,78,良
常州,2026-01-11,63,24,76,7,39,0.4,62,62,良
许昌,2026-01-11,56,23,62,6,25,0.5,64,64,良
常州,2026-01-12,63,35,76,10,43,0.6,54,54,良
许昌,2026-01-12,76,48,101,7,29,0.7,74,74,良
常州,2026-01-13,78,57,99,10,47,0.8,94,94,良
许昌,2026-01-13,119,90,136,10,47,1,77,77,轻度污染
常州,2026-01-14,97,72,103,12,66,0.8,82,82,良
许昌,2026-01-14,165,125,186,10,59,1.2,28,28,中度污染
常州,2026-01-15,113,85,122,12,74,0.9,93,93,轻度污染
许昌,2026-01-15,77,56,103,7,30,0.7,80,80,良
常州,2026-01-16,159,121,166,12,78,1.1,144,144,中度污染
许昌,2026-01-16,127,96,170,5,33,0.8,58,58,轻度污染
常州,2026-01-17,125,95,147,6,25,1,116,116,轻度污染
许昌,2026-01-17,88,65,100,4,22,0.8,42,42,良
常州,2026-01-18,56,32,61,6,28,0.7,62,62,良
许昌,2026-01-18,67,48,55,3,19,0.7,29,29,良
常州,2026-01-19,33,12,24,5,11,0.6,66,66,优
许昌,2026-01-19,65,44,79,,18,0.8,37,37,良
常州,2026-01-20,33,23,32,5,17,0.7,55,55,优
许昌,2026-01-20,59,42,56,5,26,0.6,61,61,良
常州,2026-01-21,46,32,46,7,24,0.8,65,65,优
许昌,2026-01-21,83,61,75,6,28,0.6,80,80,良
常州,2026-01-22,52,34,54,8,41,0.8,58,58,良
许昌,2026-01-22,98,73,84,,26,0.6,95,95,良
常州,2026-01-23,82,60,91,8,52,1,75,75,良
许昌,2026-01-23,160,122,136,5,34,0.8,84,84,中度污染
常州,2026-01-24,113,85,116,12,55,1,83,83,轻度污染
许昌,2026-01-24,144,110,122,6,30,0.8,80,80,轻度污染
常州,2026-01-25,79,58,82,8,43,0.7,66,66,良
许昌,2026-01-25,190,143,170,8,33,1,66,66,中度污染
许昌,2026-01-26,178,134,157,8,36,1.1,66,66,中度污染
许昌,2026-01-27,215,165,198,5,42,1.3,73,73,重度污染
许昌,2026-01-28,110,83,112,4,34,1,52,52,轻度污染
许昌,2026-01-29,166,126,173,4,34,0.9,35,35,中度污染
许昌,2026-01-30,122,92,101,4,31,0.8,28,28,轻度污染
许昌,2026-01-31,137,104,116,4,33,1,58,58,轻度污染
常州,2026-02-01,68,49,72,6,36,0.7,71,71,良
许昌,2026-02-01,103,77,118,5,29,0.8,86,86,轻度污染
常州,2026-02-02,88,65,93,6,42,0.8,86,86,良
许昌,2026-02-02,95,71,121,6,33,0.6,100,100,良
常州,2026-02-03,83,61,86,8,41,0.7,107,107,良
许昌,2026-02-03,134,102,148,6,43,0.8,81,81,轻度污染
常州,2026-02-04,80,59,87,8,38,0.8,94,94,良
许昌,2026-02-04,115,87,128,6,35,0.8,84,84,轻度污染
常州,2026-02-05,113,85,118,9,59,0.9,61,61,轻度污染
许昌,2026-02-05,133,101,172,9,42,1,99,99,轻度污染
常州,2026-02-06,58,29,65,5,13,0.5,81,81,良
许昌,2026-02-06,73,42,95,6,20,0.6,52,52,良
常州,2026-02-07,42,20,42,5,16,0.5,67,67,优
许昌,2026-02-07,73,51,95,8,29,0.6,60,60,良
常州,2026-02-08,47,28,47,6,29,0.6,76,76,优
许昌,2026-02-08,103,77,118,6,34,0.7,79,79,轻度污染
常州,2026-02-09,48,30,48,6,36,0.7,78,78,优
许昌,2026-02-09,73,53,76,5,24,0.6,76,76,良
常州,2026-02-10,63,45,61,5,21,0.7,66,66,良
许昌,2026-02-10,78,48,106,6,20,0.6,83,83,良
常州,2026-02-11,108,81,108,7,36,1,92,92,轻度污染
许昌,2026-02-11,93,44,136,6,21,0.7,96,96,良
常州,2026-02-12,112,84,123,8,35,1,124,124,轻度污染
许昌,2026-02-12,94,62,138,6,19,0.8,99,99,良
常州,2026-02-13,84,62,103,,23,0.8,122,122,良
许昌,2026-02-13,105,79,146,7,22,0.9,108,108,轻度污染
常州,2026-02-14,73,53,90,,23,1,112,112,良
许昌,2026-02-14,104,78,122,6,20,1,96,96,轻度污染
常州,2026-02-15,92,68,102,8,22,1.1,115,115,良
许昌,2026-02-15,95,35,139,5,8,0.5,76,76,良
常州,2026-02-16,37,12,37,,8,0.5,74,74,优
许昌,2026-02-16,50,32,50,8,8,0.6,71,71,优
常州,2026-02-17,53,34,56,8,9,0.5,94,94,良
许昌,2026-02-17,127,96,124,10,12,0.8,87,87,轻度污染
常州,2026-02-18,93,69,87,8,13,0.7,103,103,良
许昌,2026-02-18,74,54,69,8,11,0.8,109,109,良
常州,2026-02-19,79,58,70,,16,0.7,87,87,良
许昌,2026-02-19,75,55,80,7,12,0.8,100,100,良
常州,2026-02-20,47,28,41,,9,0.7,94,94,优
许昌,2026-02-20,64,46,66,7,10,0.7,84,84,良
常州,2026-02-21,49,29,45,9,10,0.7,98,98,优
许昌,2026-02-21,69,50,73,7,,0.8,88,88,良
常州,2026-02-22,99,42,147,9,12,0.8,89,89,良
许昌,2026-02-22,199,83,348,6,14,0.4,92,92,中度污染
常州,2026-02-23,71,17,91,,11,0.5,92,92,良
许昌,2026-02-23,174,80,297,6,15,0.6,57,57,中度污染
常州,2026-02-24,40,11,35,7,9,0.6,79,79,优
许昌,2026-02-24,60,37,70,4,11,0.6,71,71,良
常州,2026-02-25,54,29,58,6,15,0.6,75,75,良
许昌,2026-02-25,37,25,34,4,13,0.5,73,73,优
常州,2026-02-26,39,22,39,7,25,0.6,60,60,优
许昌,2026-02-26,46,32,32,4,13,0.5,49,49,优
常州,2026-02-27,30,9,21,7,24,0.5,56,56,优
许昌,2026-02-27,98,73,92,5,14,0.6,62,62,良
常州,2026-02-28,52,32,54,,25,0.6,83,83,良
许昌,2026-02-28,74,54,53,4,18,0.6,28,28,良
常州,2026-03-01,32,13,32,6,22,0.5,57,57,优
许昌,2026-03-01,60,40,33,4,14,0.7,46,46,良
常州,2026-03-02,23,11,20,6,14,0.4,75,75,优
许昌,2026-03-02,73,47,44,4,12,0.8,87,87,良
常州,2026-03-03,62,41,51,6,18,0.6,62,62,良
许昌,2026-03-03,105,65,65,5,15,0.8,95,95,轻度污染
常州,2026-03-04,36,20,36,5,21,0.6,65,65,优
许昌,2026-03-04,110,71,78,5,15,0.7,55,55,轻度污染
常州,2026-03-05,58,34,61,7,27,0.5,52,52,良
许昌,2026-03-05,104,64,75,4,21,0.6,54,54,轻度污染
常州,2026-03-06,60,40,60,7,20,0.6,72,72,良
许昌,2026-03-06,105,65,83,4,16,0.8,67,67,轻度污染
常州,2026-03-07,50,30,50,8,21,0.5,91,91,优
许昌,2026-03-07,90,55,64,5,16,0.5,70,70,良
常州,2026-03-08,45,18,45,8,28,0.5,86,86,优
许昌,2026-03-08,124,86,104,5,28,0.7,81,81,轻度污染
常州,2026-03-09,60,38,64,8,24,0.5,112,112,良
许昌,2026-03-09,149,113,135,6,35,0.8,112,112,轻度污染
常州,2026-03-10,49,22,47,8,36,0.5,97,97,优
许昌,2026-03-10,141,105,128,7,25,0.7,105,105,轻度污染
常州,2026-03-11,65,39,70,9,45,0.6,93,93,良
许昌,2026-03-11,179,135,163,6,28,0.8,126,126,中度污染
常州,2026-03-12,67,43,67,8,30,0.5,120,120,良
许昌,2026-03-12,193,145,174,7,28,0.8,132,132,中度污染
常州,2026-03-13,104,64,93,,37,0.9,112,112,轻度污染
许昌,2026-03-13,133,96,117,6,30,0.6,109,109,轻度污染
常州,2026-03-14,92,46,72,8,31,0.5,150,150,良
许昌,2026-03-14,136,99,112,6,32,0.7,60,60,轻度污染
常州,2026-03-15,70,45,71,,30,0.5,78,78,良
许昌,2026-03-15,43,30,32,5,15,0.5,74,74,优
常州,2026-03-16,64,42,59,6,27,0.6,61,61,良
许昌,2026-03-16,110,70,72,5,18,0.6,95,95,轻度污染
常州,2026-03-17,72,46,63,,34,0.7,64,64,良
许昌,2026-03-17,135,98,99,5,24,0.7,75,75,轻度污染
常州,2026-03-18,50,34,50,7,29,0.7,69,69,优
许昌,2026-03-18,72,46,75,6,19,0.5,82,82,良
常州,2026-03-19,107,67,89,,37,0.8,99,99,轻度污染
许昌,2026-03-19,84,52,96,6,28,0.5,80,80,良
常州,2026-03-20,113,74,106,8,45,0.8,106,106,轻度污染
许昌,2026-03-20,102,62,112,7,21,0.6,106,106,轻度污染
常州,2026-03-21,63,40,68,,32,0.5,110,110,良
许昌,2026-03-21,82,51,94,6,22,0.6,105,105,良
常州,2026-03-22,72,46,73,9,34,0.6,122,122,良
许昌,2026-03-22,96,49,114,8,20,0.5,127,127,良
常州,2026-03-23,65,41,70,10,37,0.8,95,95,良
许昌,2026-03-23,122,84,140,9,29,0.6,124,124,轻度污染
常州,2026-03-24,66,43,65,9,31,0.7,66,66,良
许昌,2026-03-24,134,97,141,7,28,0.6,127,127,轻度污染
常州,2026-03-25,103,63,88,,33,0.8,138,138,轻度污染
许昌,2026-03-25,88,54,89,8,22,0.6,102,102,良
常州,2026-03-26,102,62,89,,44,0.7,111,111,轻度污染
许昌,2026-03-26,92,56,83,6,29,0.6,112,112,良
常州,2026-03-27,63,36,67,10,41,0.5,115,115,良
许昌,2026-03-27,82,45,69,6,26,0.4,138,138,良
常州,2026-03-28,89,34,62,10,35,0.5,146,146,良
许昌,2026-03-28,80,42,67,6,27,0.4,135,135,良
常州,2026-03-29,111,40,71,10,27,0.6,172,172,轻度污染
许昌,2026-03-29,86,53,88,8,24,0.5,134,134,良
常州,2026-03-30,43,19,40,8,20,0.6,85,85,优
许昌,2026-03-30,90,55,84,6,18,0.4,90,90,良
常州,2026-03-31,78,49,78,7,26,0.6,108,108,良
许昌,2026-03-31,80,50,70,7,18,0.5,113,113,良
常州,2026-04-01,84,52,81,8,32,0.7,140,140,良
许昌,2026-04-01,92,56,71,7,20,0.5,121,121,良
常州,2026-04-02,117,49,84,8,38,0.7,178,178,轻度污染
许昌,2026-04-02,63,35,52,7,18,0.5,115,115,良
常州,2026-04-03,53,23,44,6,21,0.6,103,103,良
许昌,2026-04-03,62,22,54,6,14,0.4,114,114,良
常州,2026-04-04,81,31,75,7,23,0.6,137,137,良
许昌,2026-04-04,80,21,91,6,17,0.3,94,94,良
常州,2026-04-05,93,37,109,9,20,0.7,145,145,良
许昌,2026-04-05,106,37,134,7,16,0.4,99,99,轻度污染
常州,2026-04-06,95,45,113,10,24,0.8,122,122,良
许昌,2026-04-06,102,37,124,8,21,0.4,110,110,轻度污染
常州,2026-04-07,60,12,47,8,23,0.6,112,112,良
许昌,2026-04-07,75,36,84,8,19,0.5,119,119,良
常州,2026-04-08,72,11,48,7,22,0.5,126,126,良
许昌,2026-04-08,37,25,34,6,20,0.4,73,73,优
常州,2026-04-09,45,14,33,7,16,0.6,90,90,优
许昌,2026-04-09,50,30,29,6,16,0.6,99,99,优
常州,2026-04-10,97,37,69,7,23,0.8,156,156,良
许昌,2026-04-10,69,44,66,6,18,0.6,122,122,良
常州,2026-04-11,66,36,72,7,29,0.8,88,88,良
许昌,2026-04-11,73,38,72,6,21,0.6,127,127,良
常州,2026-04-12,46,8,25,,17,0.5,91,91,优
许昌,2026-04-12,69,44,59,6,18,0.6,122,122,良
常州,2026-04-13,49,25,49,,24,0.7,71,71,优
许昌,2026-04-13,47,25,31,6,13,0.4,94,94,优
常州,2026-04-14,57,32,59,6,27,0.8,77,77,良
许昌,2026-04-14,54,28,37,6,20,0.4,104,104,良
常州,2026-04-15,94,27,55,8,32,0.8,152,152,良
许昌,2026-04-15,65,33,44,6,22,0.5,118,118,良
常州,2026-04-16,49,23,49,,24,0.6,90,90,优
许昌,2026-04-16,84,52,58,6,22,0.6,111,111,良
常州,2026-04-17,74,46,83,,28,0.7,120,120,良
许昌,2026-04-17,90,44,79,8,24,0.6,148,148,良
常州,2026-04-18,64,26,56,,32,0.8,116,116,良
许昌,2026-04-18,78,41,78,6,23,0.6,133,133,良
常州,2026-04-19,75,21,46,8,28,0.6,129,129,良
许昌,2026-04-19,92,38,108,6,16,0.5,135,135,良
常州,2026-04-20,50,19,50,6,21,0.6,89,89,优
许昌,2026-04-20,103,40,126,5,14,0.3,97,97,轻度污染
常州,2026-04-21,80,17,91,,24,0.5,78,78,良
许昌,2026-04-21,51,18,51,5,20,0.4,87,87,良
常州,2026-04-22,39,9,24,5,21,0.5,78,78,优
许昌,2026-04-22,45,23,29,6,17,0.4,90,90,优
常州,2026-04-23,50,10,30,,19,0.4,100,100,优
许昌,2026-04-23,60,22,31,4,20,0.3,112,112,良
常州,2026-04-24,95,29,62,8,36,0.5,153,153,良
许昌,2026-04-24,54,19,32,4,14,0.3,104,104,良
常州,2026-04-25,100,28,60,8,34,0.6,159,159,良
许昌,2026-04-25,71,25,41,6,18,0.4,125,125,良
常州,2026-04-26,115,27,58,8,26,0.6,176,176,轻度污染
许昌,2026-04-26,71,34,52,6,12,0.5,125,125,良
常州,2026-04-27,106,39,80,10,27,0.7,166,166,轻度污染
许昌,2026-04-27,88,53,103,7,14,0.6,144,144,良
常州,2026-04-28,54,20,46,7,21,0.6,104,104,良
许昌,2026-04-28,75,24,85,8,17,0.4,105,105,良
常州,2026-04-29,40,18,33,7,25,0.6,80,80,优
许昌,2026-04-29,73,24,48,7,18,0.3,127,127,良
常州,2026-04-30,82,29,50,8,22,0.6,138,138,良
许昌,2026-04-30,71,28,55,7,14,0.4,125,125,良
常州,2026-05-01,94,20,39,9,25,0.6,152,152,良
许昌,2026-05-01,69,25,46,7,14,0.4,122,122,良
常州,2026-05-02,60,28,48,8,20,0.6,112,112,良
许昌,2026-05-02,48,22,30,6,10,0.4,96,96,优
常州,2026-05-03,62,19,38,7,13,0.5,114,114,良
许昌,2026-05-03,56,11,39,6,13,0.2,107,107,良
常州,2026-05-04,76,11,32,10,21,0.5,131,131,良
许昌,2026-05-04,78,22,51,7,18,0.3,133,133,良
常州,2026-05-05,90,22,51,10,22,0.6,148,148,良
许昌,2026-05-05,75,21,49,7,14,0.4,130,130,良
常州,2026-05-06,104,17,40,9,16,0.6,164,164,轻度污染
许昌,2026-05-06,68,25,59,6,11,0.3,121,121,良
常州,2026-05-07,85,25,53,9,16,0.6,142,142,良
许昌,2026-05-07,70,19,77,6,13,0.3,120,120,良
常州,2026-05-08,79,14,34,8,16,0.5,134,134,良
许昌,2026-05-08,71,19,52,6,19,0.2,125,125,良
常州,2026-05-09,94,9,32,8,19,0.4,152,152,良
许昌,2026-05-09,71,22,55,6,13,0.4,125,125,良
常州,2026-05-10,110,16,38,8,19,0.6,171,171,轻度污染
许昌,2026-05-10,79,28,50,7,11,0.4,134,134,良
常州,2026-05-11,100,22,50,10,20,0.6,160,160,良
许昌,2026-05-11,100,41,65,7,11,0.5,159,159,良
常州,2026-05-12,130,32,64,9,23,0.8,193,193,轻度污染
许昌,2026-05-12,83,46,68,7,13,0.6,139,139,良
常州,2026-05-13,143,39,74,10,28,1,207,207,轻度污染
许昌,2026-05-13,78,49,66,7,14,0.6,115,115,良
常州,2026-05-14,61,16,38,6,19,0.6,113,113,良
许昌,2026-05-14,59,32,49,6,14,0.5,110,110,良
常州,2026-05-15,99,14,40,6,16,0.5,158,158,良
许昌,2026-05-15,59,27,41,4,10,0.4,110,110,良
常州,2026-05-16,75,8,34,6,11,0.5,130,130,良
许昌,2026-05-16,51,29,43,5,11,0.4,101,101,良
常州,2026-05-17,77,9,34,6,8,0.5,132,132,良
许昌,2026-05-17,35,23,30,5,10,0.4,70,70,优
常州,2026-05-18,100,14,40,7,13,0.5,160,160,良
许昌,2026-05-18,49,10,13,4,9,0.4,98,98,优
常州,2026-05-19,70,31,50,6,18,0.7,123,123,良
许昌,2026-05-19,44,19,29,5,10,0.5,87,87,优
常州,2026-05-20,29,20,28,6,16,0.8,56,56,优
许昌,2026-05-20,53,18,20,4,7,0.4,103,103,良
常州,2026-05-21,88,22,37,6,16,0.7,145,145,良
许昌,2026-05-21,49,20,29,6,11,0.3,97,97,优
常州,2026-05-22,112,26,47,8,20,0.8,173,173,轻度污染
许昌,2026-05-22,53,27,42,5,14,0.4,103,103,良
常州,2026-05-23,139,62,83,9,21,0.9,202,202,轻度污染
许昌,2026-05-23,51,32,44,4,10,0.5,101,101,良
常州,2026-05-24,43,30,34,5,21,0.8,58,58,优
许昌,2026-05-24,47,31,47,4,6,0.5,90,90,优
常州,2026-05-25,70,33,42,5,20,0.7,123,123,良
许昌,2026-05-25,25,10,11,4,6,0.5,50,50,优
常州,2026-05-26,36,10,17,5,12,0.7,72,72,优
常州,2026-05-27,44,16,26,5,10,0.8,87,87,优
